Year;Month;Day;Hour;Minute;Temperature  [2 m above gnd];Mean Sea Level Pressure  [MSL];Wind Speed  [10 m above gnd];Wind Direction  [10 m above gnd]
2019;07;15;00;00;24.58;1007.90;12.59;239.04
2019;07;15;01;00;24.27;1007.50;12.41;240.46
2019;07;15;02;00;23.87;1006.10;11.92;244.98
2019;07;15;03;00;23.69;1005.90;11.92;244.98
2019;07;15;04;00;23.37;1006.00;10.83;248.55
2019;07;15;05;00;23.22;1006.30;9.45;252.26
2019;07;15;06;00;23.80;1007.10;9.11;251.57
2019;07;15;07;00;26.50;1007.10;11.97;254.29
2019;07;15;08;00;28.16;1007.30;16.33;255.96
2019;07;15;09;00;30.11;1007.20;22.35;255.07
2019;07;15;10;00;31.14;1006.90;22.61;256.18
2019;07;15;11;00;31.48;1006.60;22.53;257.07
2019;07;15;12;00;30.94;1005.90;22.18;256.87
2019;07;15;13;00;30.86;1005.40;21.92;255.74
2019;07;15;14;00;30.27;1004.80;21.41;253.39
2019;07;15;15;00;29.85;1004.50;20.61;250.62
2019;07;15;16;00;29.29;1004.60;19.13;250.20
2019;07;15;17;00;29.06;1004.90;18.79;249.83
2019;07;15;18;00;28.27;1006.10;16.28;251.97
2019;07;15;19;00;26.74;1006.70;11.04;250.97
2019;07;15;20;00;26.47;1007.60;9.69;248.20
2019;07;15;21;00;26.32;1007.40;9.66;243.43
2019;07;15;22;00;26.16;1007.60;9.83;241.56
2019;07;15;23;00;25.80;1007.40;10.14;242.53
2019;07;16;00;00;25.59;1006.70;9.98;244.36
2019;07;16;01;00;25.45;1006.20;10.46;243.43
2019;07;16;02;00;25.26;1005.30;10.14;242.53
2019;07;16;03;00;25.12;1004.90;10.46;243.43
2019;07;16;04;00;24.93;1005.60;9.83;246.25
2019;07;16;05;00;24.74;1006.10;9.11;251.57
2019;07;16;06;00;25.08;1006.70;8.65;253.07
2019;07;16;07;00;27.38;1006.60;11.87;255.96
2019;07;16;08;00;28.02;1006.90;14.76;257.32
2019;07;16;09;00;28.73;1007.00;18.43;257.59
2019;07;16;10;00;28.46;1006.90;18.51;256.50
2019;07;16;11;00;28.49;1006.40;17.56;254.54
2019;07;16;12;00;28.54;1006.00;17.42;251.94
2019;07;16;13;00;28.55;1005.60;17.78;248.63
2019;07;16;14;00;28.47;1005.20;16.78;247.29
2019;07;16;15;00;28.34;1005.00;15.79;245.77
2019;07;16;16;00;28.08;1004.90;14.81;244.06
2019;07;16;17;00;28.57;1004.70;14.49;243.43
2019;07;16;18;00;27.24;1005.40;11.75;242.65
2019;07;16;19;00;26.13;1006.70;10.19;237.99
2019;07;16;20;00;25.83;1006.90;10.09;235.18
2019;07;16;21;00;25.60;1006.80;10.23;230.71
2019;07;16;22;00;25.37;1006.90;10.44;226.40
2019;07;16;23;00;25.22;1006.70;10.46;229.18
2019;07;17;00;00;25.05;1006.60;10.23;230.71
2019;07;17;01;00;24.89;1006.30;9.69;228.01
2019;07;17;02;00;24.69;1005.00;9.69;228.01
2019;07;17;03;00;24.59;1004.80;9.73;231.01
2019;07;17;04;00;24.48;1004.60;9.22;231.34
2019;07;17;05;00;24.41;1005.10;9.29;234.46
2019;07;17;06;00;24.77;1005.60;8.79;235.01
2019;07;17;07;00;26.08;1006.00;11.09;234.25
2019;07;17;08;00;26.93;1006.60;13.39;233.75
2019;07;17;09;00;28.02;1006.30;16.42;232.13
2019;07;17;10;00;27.47;1005.90;17.61;229.14
2019;07;17;11;00;27.45;1005.70;18.12;229.03
2019;07;17;12;00;27.52;1004.80;16.83;228.47
2019;07;17;13;00;27.57;1004.70;16.06;227.73
2019;07;17;14;00;27.52;1004.40;15.35;230.71
2019;07;17;15;00;27.29;1004.60;16.64;231.15
2019;07;17;16;00;27.02;1003.90;16.99;233.62
2019;07;17;17;00;26.91;1004.00;17.48;237.62
2019;07;17;18;00;26.52;1004.70;17.41;240.26
2019;07;17;19;00;26.44;1005.50;14.17;242.78
2019;07;17;20;00;25.84;1006.20;12.59;239.04
2019;07;17;21;00;25.52;1006.80;12.68;235.41
2019;07;17;22;00;25.06;1006.80;13.10;232.82
2019;07;17;23;00;24.67;1006.70;13.04;230.60
2019;07;18;00;00;24.36;1006.40;13.04;230.60
2019;07;18;01;00;24.07;1006.00;12.03;231.07
2019;07;18;02;00;23.89;1005.00;11.02;231.63
2019;07;18;03;00;24.03;1005.30;9.96;229.40
2019;07;18;04;00;23.83;1005.10;8.91;226.64
2019;07;18;05;00;23.72;1005.50;7.93;219.47
2019;07;18;06;00;23.79;1005.80;7.59;211.43
2019;07;18;07;00;24.51;1006.20;8.40;210.96
2019;07;18;08;00;25.97;1006.80;10.74;219.56
2019;07;18;09;00;27.32;1006.70;13.25;222.80
2019;07;18;10;00;27.72;1006.30;16.56;227.64
2019;07;18;11;00;27.55;1006.30;17.65;230.79
2019;07;18;12;00;27.69;1005.60;17.71;232.43
2019;07;18;13;00;28.13;1005.40;17.71;232.43
2019;07;18;14;00;27.63;1005.00;18.79;233.57
2019;07;18;15;00;27.46;1004.70;18.58;234.46
2019;07;18;16;00;27.36;1004.10;17.37;235.98
2019;07;18;17;00;28.03;1004.40;17.10;239.66
2019;07;18;18;00;27.16;1005.40;13.22;240.64
2019;07;18;19;00;26.29;1006.40;8.71;231.71
2019;07;18;20;00;25.95;1007.10;7.93;230.53
2019;07;18;21;00;25.67;1006.90;7.39;223.03
2019;07;18;22;00;25.43;1007.10;7.70;217.41
2019;07;18;23;00;25.25;1007.10;7.99;215.84
2019;07;19;00;00;25.07;1007.10;7.70;217.41
2019;07;19;01;00;24.91;1006.70;7.93;219.47
2019;07;19;02;00;24.69;1005.60;6.88;222.88
2019;07;19;03;00;24.57;1005.30;6.88;222.88
2019;07;19;04;00;24.46;1005.20;6.64;220.60
2019;07;19;05;00;24.46;1005.60;6.19;215.54
2019;07;19;06;00;24.74;1006.30;5.99;212.74
2019;07;19;07;00;25.96;1006.70;7.79;213.69
2019;07;19;08;00;27.40;1007.00;10.38;213.69
2019;07;19;09;00;27.42;1007.20;12.73;208.74
2019;07;19;10;00;27.42;1007.30;14.20;210.47
2019;07;19;11;00;27.50;1007.00;13.89;211.22
2019;07;19;12;00;27.56;1006.40;13.40;210.70
2019;07;19;13;00;27.82;1006.00;13.22;209.36
2019;07;19;14;00;28.00;1005.40;12.59;210.96
2019;07;19;15;00;28.08;1005.30;11.98;212.74
2019;07;19;16;00;27.89;1004.80;11.09;215.75
2019;07;19;17;00;27.61;1005.00;10.97;221.01
2019;07;19;18;00;27.16;1006.00;8.21;232.13
2019;07;19;19;00;27.43;1007.40;7.93;230.53
2019;07;19;20;00;26.94;1007.90;6.64;229.40
2019;07;19;21;00;26.58;1008.10;7.13;225.00
2019;07;19;22;00;25.94;1008.40;7.15;220.91
2019;07;19;23;00;25.45;1008.20;7.15;220.91
2019;07;20;00;00;25.52;1007.80;7.15;220.91
2019;07;20;01;00;25.40;1007.60;7.70;217.41
2019;07;20;02;00;25.22;1006.20;7.79;213.69
2019;07;20;03;00;25.10;1006.10;7.59;211.43
2019;07;20;04;00;24.98;1006.30;7.10;210.47
2019;07;20;05;00;24.88;1006.60;6.62;202.38
2019;07;20;06;00;25.16;1007.10;5.69;198.43
2019;07;20;07;00;26.79;1007.40;7.29;200.22
2019;07;20;08;00;27.56;1008.00;10.46;206.57
2019;07;20;09;00;28.57;1008.40;12.78;212.35
2019;07;20;10;00;28.83;1008.30;12.78;212.35
2019;07;20;11;00;29.09;1008.00;13.18;214.99
2019;07;20;12;00;28.75;1007.00;12.68;214.59
2019;07;20;13;00;29.09;1006.50;12.98;213.69
2019;07;20;14;00;28.69;1006.00;13.18;214.99
2019;07;20;15;00;28.82;1006.00;13.10;217.18
2019;07;20;16;00;28.49;1005.60;11.81;217.57
2019;07;20;17;00;28.16;1005.70;11.53;218.66
2019;07;20;18;00;27.99;1006.60;8.44;219.81
2019;07;20;19;00;27.04;1007.30;6.92;207.90
2019;07;20;20;00;26.71;1008.20;6.49;213.69
2019;07;20;21;00;26.38;1008.60;5.99;212.74
2019;07;20;22;00;26.05;1009.00;5.96;205.02
2019;07;20;23;00;25.70;1008.60;5.96;205.02
2019;07;21;00;00;25.37;1008.30;5.82;201.80
2019;07;21;01;00;25.14;1008.10;5.69;198.43
2019;07;21;02;00;24.83;1007.10;5.59;194.93
2019;07;21;03;00;24.65;1007.30;6.15;200.56
2019;07;21;04;00;24.51;1007.40;6.30;210.96
2019;07;21;05;00;24.33;1007.20;5.62;219.81
2019;07;21;06;00;24.34;1007.70;4.61;218.66
2019;07;21;07;00;26.46;1008.00;5.99;212.74
2019;07;21;08;00;27.20;1008.90;9.51;209.48
2019;07;21;09;00;27.93;1009.30;12.59;210.96
2019;07;21;10;00;27.59;1009.00;13.58;212.01
2019;07;21;11;00;27.59;1008.60;13.22;209.36
2019;07;21;12;00;27.56;1008.10;12.07;206.57
2019;07;21;13;00;27.79;1007.80;12.24;208.07
2019;07;21;14;00;28.05;1007.50;11.92;208.89
2019;07;21;15;00;29.12;1007.50;11.79;211.26
2019;07;21;16;00;29.10;1006.90;10.88;214.22
2019;07;21;17;00;29.18;1006.60;10.09;214.82
2019;07;21;18;00;28.08;1007.00;6.70;216.25
2019;07;21;19;00;28.51;1006.70;6.57;260.54
2019;07;21;20;00;27.98;1008.20;6.03;252.65
2019;07;21;21;00;27.48;1008.70;5.63;243.43
2019;07;21;22;00;27.05;1009.20;5.63;243.43
2019;07;21;23;00;26.59;1008.90;5.63;243.43
2019;07;22;00;00;26.12;1008.60;5.82;248.20
2019;07;22;01;00;25.64;1007.90;5.96;244.98
2019;07;22;02;00;25.11;1007.30;6.29;246.37
2019;07;22;03;00;24.79;1007.70;5.96;244.98
2019;07;22;04;00;24.46;1007.50;5.63;243.43
2019;07;22;05;00;24.13;1007.50;5.80;240.26
2019;07;22;06;00;24.14;1007.70;5.90;232.43
2019;07;22;07;00;26.70;1008.00;8.40;226.74
2019;07;22;08;00;27.06;1008.80;10.95;226.33
2019;07;22;09;00;27.30;1009.00;13.51;228.24
2019;07;22;10;00;27.26;1009.20;13.00;228.37
2019;07;22;11;00;27.62;1009.00;13.61;232.52
2019;07;22;12;00;27.78;1008.00;13.48;235.89
2019;07;22;13;00;27.93;1007.20;13.71;240.07
2019;07;22;14;00;28.82;1006.70;13.53;244.80
2019;07;22;15;00;28.83;1006.30;12.30;249.44
2019;07;22;16;00;28.36;1006.20;10.83;254.58
2019;07;22;17;00;28.51;1006.40;10.04;255.47
2019;07;22;18;00;27.50;1006.90;5.86;259.38
2019;07;22;19;00;27.62;1007.70;6.61;299.36
2019;07;22;20;00;27.23;1008.70;5.59;284.93
2019;07;22;21;00;26.95;1009.10;4.68;270.00
2019;07;22;22;00;26.55;1009.10;4.80;257.01
2019;07;22;23;00;26.17;1009.10;4.68;247.38
2019;07;23;00;00;25.83;1008.70;5.15;245.22
2019;07;23;01;00;25.49;1008.00;5.82;248.20
2019;07;23;02;00;25.20;1006.40;6.83;251.57
2019;07;23;03;00;25.12;1006.20;7.29;249.78
2019;07;23;04;00;24.74;1006.00;6.95;248.75
2019;07;23;05;00;24.54;1006.30;6.15;249.44
2019;07;23;06;00;24.67;1006.70;5.48;246.80
2019;07;23;07;00;27.06;1007.00;7.73;242.24
2019;07;23;08;00;27.96;1008.60;10.95;242.59
2019;07;23;09;00;29.58;1008.60;12.86;252.07
2019;07;23;10;00;31.11;1007.60;16.60;257.47
2019;07;23;11;00;33.04;1006.00;20.43;255.72
2019;07;23;12;00;33.29;1005.70;23.58;257.66
2019;07;23;13;00;32.94;1006.30;22.78;264.56
2019;07;23;14;00;30.89;1006.80;18.39;266.63
2019;07;23;15;00;30.09;1006.90;17.77;263.02
2019;07;23;16;00;29.08;1006.90;16.10;259.70
2019;07;23;17;00;29.32;1006.70;16.17;258.44
2019;07;23;18;00;28.26;1007.30;13.36;255.96
2019;07;23;19;00;26.97;1008.50;11.38;251.57
2019;07;23;20;00;26.57;1008.50;9.69;238.67
2019;07;23;21;00;26.26;1008.50;9.29;234.46
2019;07;23;22;00;25.94;1008.70;9.67;225.00
2019;07;23;23;00;25.65;1009.00;9.69;221.99
2019;07;24;00;00;25.24;1009.10;9.93;223.53
2019;07;24;01;00;24.84;1008.70;8.91;226.64
2019;07;24;02;00;25.08;1008.30;7.99;234.16
2019;07;24;03;00;25.11;1008.10;7.99;234.16
2019;07;24;04;00;25.02;1007.40;8.91;226.64
2019;07;24;05;00;24.95;1007.30;8.40;223.26
2019;07;24;06;00;25.26;1008.00;7.64;225.00
2019;07;24;07;00;27.32;1008.60;10.18;225.00
2019;07;24;08;00;28.07;1009.30;9.39;237.53
2019;07;24;09;00;29.33;1009.50;12.73;241.26
2019;07;24;10;00;29.12;1009.40;16.78;247.29
2019;07;24;11;00;31.73;1008.70;17.76;252.30
2019;07;24;12;00;30.92;1008.40;16.97;252.72
2019;07;24;13;00;31.31;1007.90;17.19;250.43
2019;07;24;14;00;30.16;1007.60;16.74;251.18
2019;07;24;15;00;30.20;1007.80;16.62;252.35
2019;07;24;16;00;29.57;1007.80;14.69;252.90
2019;07;24;17;00;29.03;1007.90;13.78;250.14
2019;07;24;18;00;28.03;1008.70;11.73;252.12
2019;07;24;19;00;26.92;1009.70;8.77;250.82
2019;07;24;20;00;26.31;1010.00;12.98;266.82
2019;07;24;21;00;25.72;1010.80;14.42;267.14
2019;07;24;22;00;25.19;1011.80;14.04;270.00
2019;07;24;23;00;24.82;1012.30;11.57;275.36
2019;07;25;00;00;24.79;1011.70;8.56;284.62
2019;07;25;01;00;24.84;1010.80;5.69;304.70
2019;07;25;02;00;24.73;1010.10;3.40;327.99
2019;07;25;03;00;24.61;1009.60;1.48;345.96
2019;07;25;04;00;24.55;1009.50;0.51;225.00
2019;07;25;05;00;24.50;1009.50;2.31;218.66
2019;07;25;06;00;24.53;1009.70;2.60;236.31
2019;07;25;07;00;26.19;1010.30;3.55;246.04
2019;07;25;08;00;27.89;1011.00;8.09;249.15
2019;07;25;09;00;27.90;1011.70;11.04;250.97
2019;07;25;10;00;28.09;1011.90;13.71;256.33
2019;07;25;11;00;28.12;1011.10;14.87;263.05
2019;07;25;12;00;28.02;1010.60;14.40;270.00
2019;07;25;13;00;27.95;1009.80;14.76;271.40
2019;07;25;14;00;27.91;1009.20;14.11;275.86
2019;07;25;15;00;27.82;1009.10;12.65;274.90
2019;07;25;16;00;27.64;1009.20;10.85;275.71
2019;07;25;17;00;27.51;1009.00;9.73;272.12
2019;07;25;18;00;27.37;1009.50;7.57;267.27
2019;07;25;19;00;26.39;1009.90;6.38;253.61
2019;07;25;20;00;25.70;1010.60;13.71;256.33
2019;07;25;21;00;25.28;1011.00;11.37;259.05
2019;07;25;22;00;24.88;1011.40;8.67;265.24
2019;07;25;23;00;24.54;1011.00;7.20;270.00
2019;07;26;00;00;24.44;1010.70;6.03;287.35
2019;07;26;01;00;24.32;1010.00;5.86;312.51
2019;07;26;02;00;24.16;1009.80;6.11;315.00
2019;07;26;03;00;23.99;1009.40;6.41;308.16
2019;07;26;04;00;23.85;1009.20;6.92;297.90
2019;07;26;05;00;23.72;1009.10;6.79;302.01
2019;07;26;06;00;23.82;1009.40;6.88;317.12
2019;07;26;07;00;25.46;1009.60;9.02;331.39
2019;07;26;08;00;26.94;1010.40;7.70;307.41
2019;07;26;09;00;28.40;1010.50;10.69;315.00
2019;07;26;10;00;29.97;1010.40;11.46;313.73
2019;07;26;11;00;31.54;1009.40;11.25;320.19
2019;07;26;12;00;32.68;1009.00;11.48;318.81
2019;07;26;13;00;33.34;1007.70;11.53;308.66
2019;07;26;14;00;32.54;1007.60;11.04;289.03
2019;07;26;15;00;31.52;1007.10;11.52;270.00
2019;07;26;16;00;30.62;1007.50;10.39;255.96
2019;07;26;17;00;29.94;1007.50;10.25;251.57
2019;07;26;18;00;28.92;1007.90;9.23;249.44
2019;07;26;19;00;27.26;1008.40;8.31;252.35
2019;07;26;20;00;26.48;1009.10;6.38;253.61
2019;07;26;21;00;25.92;1009.60;5.94;255.96
2019;07;26;22;00;25.51;1010.10;5.48;246.80
2019;07;26;23;00;25.10;1010.00;5.69;235.30
2019;07;27;00;00;24.57;1009.30;5.90;232.43
2019;07;27;01;00;24.06;1008.60;6.79;237.99
2019;07;27;02;00;23.73;1008.10;7.42;247.17
2019;07;27;03;00;24.10;1007.60;7.97;251.57
2019;07;27;04;00;24.12;1007.40;7.97;251.57
2019;07;27;05;00;24.00;1007.30;8.09;249.15
2019;07;27;06;00;24.13;1007.70;7.90;245.77
2019;07;27;07;00;26.17;1008.60;10.32;240.75
2019;07;27;08;00;28.19;1009.50;12.26;273.37
2019;07;27;09;00;28.52;1009.80;16.75;278.65
2019;07;27;10;00;28.70;1009.00;21.67;274.76
2019;07;27;11;00;30.18;1008.30;20.53;267.99
2019;07;27;12;00;29.40;1008.40;18.23;260.91
2019;07;27;13;00;29.67;1008.20;17.65;253.41
2019;07;27;14;00;28.81;1007.70;16.39;250.77
2019;07;27;15;00;28.37;1007.60;15.51;248.20
2019;07;27;16;00;28.18;1007.30;14.04;247.38
2019;07;27;17;00;28.12;1007.30;13.57;248.20
2019;07;27;18;00;27.26;1007.80;11.30;247.52
2019;07;27;19;00;26.48;1008.70;8.70;245.56
2019;07;27;20;00;26.10;1009.00;7.42;255.96
2019;07;27;21;00;25.86;1009.20;5.94;255.96
2019;07;27;22;00;25.64;1009.50;5.51;258.69
2019;07;27;23;00;25.45;1009.40;5.15;257.91
2019;07;28;00;00;25.14;1008.40;5.32;241.70
2019;07;28;01;00;24.96;1007.90;6.49;236.31
2019;07;28;02;00;24.83;1007.60;6.92;231.34
2019;07;28;03;00;24.61;1007.50;6.88;227.12
2019;07;28;04;00;24.39;1007.50;7.42;219.09
2019;07;28;05;00;23.83;1007.70;7.93;219.47
2019;07;28;06;00;23.90;1008.60;8.16;221.42
2019;07;28;07;00;26.52;1009.80;12.23;227.39
2019;07;28;08;00;27.71;1009.90;11.92;244.98
2019;07;28;09;00;29.61;1009.30;17.87;251.20
2019;07;28;10;00;30.76;1008.80;20.18;254.48
2019;07;28;11;00;31.81;1008.40;20.04;252.22
2019;07;28;12;00;31.55;1008.10;20.06;248.96
2019;07;28;13;00;32.25;1008.00;20.45;243.89
2019;07;28;14;00;32.19;1008.00;20.14;241.14
2019;07;28;15;00;30.57;1007.70;19.34;241.05
2019;07;28;16;00;29.82;1007.60;17.73;240.83
2019;07;28;17;00;29.38;1007.30;17.10;239.66
2019;07;28;18;00;28.30;1008.00;13.71;240.07
2019;07;28;19;00;26.65;1008.90;10.19;237.99
2019;07;28;20;00;26.03;1009.60;8.89;248.63
2019;07;28;21;00;25.72;1010.00;7.09;246.04
2019;07;28;22;00;25.53;1010.10;7.79;236.31
2019;07;28;23;00;25.45;1009.90;7.64;225.00
2019;07;29;00;00;25.19;1008.90;7.79;213.69
2019;07;29;01;00;24.99;1008.50;7.41;209.05
2019;07;29;02;00;24.85;1008.40;8.40;210.96
2019;07;29;03;00;24.78;1008.40;9.02;208.61
2019;07;29;04;00;24.71;1008.50;9.09;213.69
2019;07;29;05;00;24.64;1008.40;9.22;218.66
2019;07;29;06;00;25.01;1008.70;9.67;225.00
2019;07;29;07;00;27.02;1009.50;12.89;234.09
2019;07;29;08;00;28.73;1010.40;19.17;235.71
2019;07;29;09;00;29.61;1010.60;22.78;238.57
2019;07;29;10;00;28.71;1010.10;23.19;244.23
2019;07;29;11;00;28.72;1009.60;20.86;248.75
2019;07;29;12;00;28.70;1008.80;20.72;252.82
2019;07;29;13;00;29.75;1008.00;21.66;254.58
2019;07;29;14;00;28.55;1007.30;19.83;254.20
2019;07;29;15;00;28.26;1007.60;19.04;254.65
2019;07;29;16;00;27.90;1007.80;17.03;256.55
2019;07;29;17;00;27.42;1008.10;15.46;257.91
2019;07;29;18;00;26.81;1008.20;12.14;258.02
2019;07;29;19;00;26.17;1008.60;9.26;256.50
2019;07;29;20;00;25.84;1009.30;8.31;252.35
2019;07;29;21;00;25.61;1009.70;7.90;245.77
2019;07;29;22;00;25.37;1009.60;8.22;241.19
2019;07;29;23;00;25.17;1009.80;9.02;241.39
2019;07;30;00;00;24.16;1010.00;12.78;260.27
2019;07;30;01;00;23.90;1009.10;10.24;259.88
2019;07;30;02;00;23.67;1007.60;8.12;257.20
2019;07;30;03;00;23.61;1007.60;7.42;255.96
2019;07;30;04;00;23.56;1007.50;7.90;245.77
2019;07;30;05;00;23.57;1007.80;8.05;243.43
2019;07;30;06;00;23.77;1008.10;8.05;243.43
2019;07;30;07;00;25.26;1008.60;9.18;244.44
2019;07;30;08;00;27.01;1009.40;11.97;248.84
2019;07;30;09;00;28.45;1009.40;13.90;253.44
2019;07;30;10;00;28.92;1009.10;17.38;256.83
2019;07;30;11;00;29.41;1008.20;19.14;253.61
2019;07;30;12;00;29.87;1007.30;19.93;249.93
2019;07;30;13;00;30.01;1006.50;20.95;250.94
2019;07;30;14;00;29.97;1006.10;21.86;252.76
2019;07;30;15;00;29.79;1005.70;22.45;254.18
2019;07;30;16;00;29.39;1005.80;20.97;258.11
2019;07;30;17;00;28.84;1005.80;19.30;261.42
2019;07;30;18;00;27.96;1006.70;16.39;261.16
2019;07;30;19;00;26.71;1007.30;14.17;242.78
2019;07;30;20;00;26.28;1008.30;14.49;243.43
2019;07;30;21;00;25.97;1008.60;14.81;244.06
2019;07;30;22;00;25.64;1008.40;15.63;241.07
2019;07;30;23;00;25.37;1008.20;15.38;237.43
2019;07;31;00;00;25.27;1008.30;16.28;234.90
2019;07;31;01;00;25.12;1007.60;16.68;237.34
2019;07;31;02;00;24.95;1006.40;16.61;240.10
2019;07;31;03;00;24.87;1006.30;15.99;238.82
2019;07;31;04;00;24.83;1006.40;16.61;240.10
2019;07;31;05;00;24.81;1006.70;17.24;241.29
2019;07;31;06;00;24.88;1007.10;17.73;240.83
2019;07;31;07;00;26.36;1007.30;19.83;240.64
2019;07;31;08;00;28.13;1007.50;21.58;242.15
2019;07;31;09;00;29.15;1008.10;25.62;245.96
2019;07;31;10;00;30.10;1007.80;28.15;249.02
2019;07;31;11;00;30.71;1007.00;29.26;251.34
2019;07;31;12;00;31.27;1006.60;28.48;253.86
2019;07;31;13;00;31.15;1006.00;29.08;254.93
2019;07;31;14;00;30.00;1005.60;29.18;254.25
2019;07;31;15;00;29.45;1005.70;27.45;253.23
2019;07;31;16;00;29.06;1005.80;26.65;253.52
2019;07;31;17;00;28.49;1005.90;24.48;252.90
2019;07;31;18;00;27.63;1006.90;20.61;250.62
2019;07;31;19;00;27.34;1007.40;15.46;242.24
2019;07;31;20;00;26.51;1008.00;14.58;237.09
2019;07;31;21;00;26.04;1008.20;14.88;237.85
2019;07;31;22;00;25.76;1008.40;15.50;239.26
2019;07;31;23;00;25.52;1008.50;15.63;241.07
2019;08;01;00;00;25.28;1008.20;16.10;243.43
2019;08;01;01;00;25.11;1007.90;16.42;244.00
2019;08;01;02;00;24.85;1006.80;16.42;244.00
2019;08;01;03;00;24.66;1007.00;16.58;242.88
2019;08;01;04;00;24.42;1007.00;16.10;243.43
2019;08;01;05;00;24.21;1007.70;15.29;243.43
2019;08;01;06;00;24.21;1007.90;14.49;243.43
2019;08;01;07;00;26.29;1008.40;17.07;242.35
2019;08;01;08;00;27.82;1008.70;20.61;242.99
2019;08;01;09;00;28.35;1009.00;23.51;244.61
2019;08;01;10;00;28.42;1008.90;24.16;245.34
2019;08;01;11;00;28.54;1008.80;24.16;245.34
2019;08;01;12;00;28.59;1008.30;24.16;245.34
2019;08;01;13;00;28.93;1007.40;24.97;245.28
2019;08;01;14;00;28.70;1006.90;24.64;244.93
2019;08;01;15;00;28.66;1006.50;23.99;244.20
2019;08;01;16;00;28.49;1006.50;22.38;244.26
2019;08;01;17;00;28.85;1006.40;21.60;246.43
2019;08;01;18;00;27.58;1007.50;17.58;247.11
2019;08;01;19;00;27.55;1007.90;14.99;245.90
2019;08;01;20;00;26.77;1008.30;13.85;242.10
2019;08;01;21;00;26.28;1009.00;13.22;240.64
2019;08;01;22;00;25.89;1009.50;12.29;238.17
2019;08;01;23;00;25.64;1009.60;12.48;236.77
2019;08;02;00;00;25.40;1009.10;12.98;236.31
2019;08;02;01;00;25.19;1008.40;13.18;235.01
2019;08;02;02;00;24.90;1007.20;12.60;233.13
2019;08;02;03;00;24.67;1007.40;12.54;230.83
2019;08;02;04;00;24.33;1007.50;11.53;231.34
2019;08;02;05;00;23.99;1008.10;11.25;230.19
2019;08;02;06;00;24.06;1008.00;11.02;231.63
2019;08;02;07;00;26.79;1008.00;13.90;233.43
2019;08;02;08;00;27.37;1008.50;17.08;235.30
2019;08;02;09;00;28.49;1008.90;20.17;235.18
2019;08;02;10;00;27.85;1008.80;20.17;235.18
2019;08;02;11;00;27.91;1008.50;21.27;236.04
2019;08;02;12;00;28.01;1008.00;21.87;237.09
2019;08;02;13;00;29.32;1006.80;21.98;238.39
2019;08;02;14;00;27.91;1006.10;21.67;237.89
2019;08;02;15;00;27.78;1005.80;21.57;236.58
2019;08;02;16;00;27.44;1005.80;20.27;236.59
2019;08;02;17;00;28.00;1006.20;20.27;236.59
2019;08;02;18;00;26.91;1007.20;17.97;237.26
2019;08;02;19;00;26.62;1008.80;14.66;245.32
2019;08;02;20;00;26.10;1009.50;13.04;242.02
2019;08;02;21;00;25.96;1009.60;13.09;238.50
2019;08;02;22;00;25.81;1010.00;13.09;238.50
2019;08;02;23;00;25.53;1010.00;13.09;238.50
2019;08;03;00;00;25.33;1009.70;13.71;240.07
2019;08;03;01;00;25.15;1008.60;14.02;240.80
2019;08;03;02;00;24.98;1007.20;14.01;244.09
2019;08;03;03;00;24.91;1007.20;13.85;245.43
2019;08;03;04;00;24.76;1007.60;13.71;246.80
2019;08;03;05;00;24.63;1008.10;13.10;249.08
2019;08;03;06;00;24.55;1008.40;12.77;248.50
2019;08;03;07;00;25.36;1008.20;13.85;245.43
2019;08;03;08;00;27.76;1008.30;17.40;245.56
2019;08;03;09;00;28.43;1008.60;22.33;249.23
2019;08;03;10;00;27.88;1008.60;25.50;251.05
2019;08;03;11;00;27.73;1008.70;24.94;249.73
2019;08;03;12;00;27.76;1008.10;23.87;246.91
2019;08;03;13;00;27.87;1007.40;23.19;244.23
2019;08;03;14;00;28.29;1006.50;22.54;243.43
2019;08;03;15;00;27.61;1005.70;21.43;240.85
2019;08;03;16;00;27.27;1005.50;19.39;238.67
2019;08;03;17;00;27.49;1005.60;18.28;237.88
2019;08;03;18;00;27.20;1006.20;16.30;239.47
2019;08;03;19;00;26.51;1007.30;24.82;250.51
2019;08;03;20;00;26.09;1007.90;24.48;250.23
2019;08;03;21;00;25.74;1008.10;23.26;248.20
2019;08;03;22;00;25.25;1008.70;20.80;246.54
2019;08;03;23;00;25.02;1008.60;18.36;244.44
2019;08;04;00;00;24.92;1007.80;16.58;242.88
2019;08;04;01;00;24.85;1007.40;15.50;239.26
2019;08;04;02;00;24.73;1005.70;15.38;237.43
2019;08;04;03;00;24.75;1005.10;15.28;235.56
2019;08;04;04;00;24.72;1005.10;14.08;237.53
2019;08;04;05;00;24.70;1005.60;13.53;241.39
2019;08;04;06;00;24.83;1006.20;13.04;242.02
2019;08;04;07;00;26.74;1006.10;15.63;241.07
2019;08;04;08;00;27.47;1006.70;19.39;238.67
2019;08;04;09;00;29.06;1006.70;21.07;236.85
2019;08;04;10;00;28.03;1006.60;20.38;234.34
2019;08;04;11;00;27.89;1006.40;19.51;232.50
2019;08;04;12;00;27.96;1005.90;19.67;235.44
2019;08;04;13;00;27.80;1005.90;19.69;239.22
2019;08;04;14;00;27.71;1005.10;19.32;243.43
2019;08;04;15;00;27.57;1004.20;18.72;247.38
2019;08;04;16;00;27.49;1004.30;17.42;251.94
2019;08;04;17;00;26.61;1004.90;18.45;252.98
2019;08;04;18;00;26.18;1005.80;15.60;251.15
2019;08;04;19;00;26.08;1006.80;11.11;245.10
2019;08;04;20;00;25.69;1007.20;11.30;239.35
2019;08;04;21;00;25.39;1007.10;12.18;235.84
2019;08;04;22;00;25.06;1007.30;12.98;236.31
2019;08;04;23;00;24.86;1007.70;12.98;236.31
2019;08;05;00;00;24.71;1007.30;12.68;235.41
2019;08;05;01;00;24.63;1006.80;12.89;234.09
2019;08;05;02;00;24.68;1005.10;13.28;237.17
2019;08;05;03;00;24.50;1004.90;13.28;237.17
2019;08;05;04;00;24.38;1005.10;12.59;239.04
2019;08;05;05;00;24.25;1006.00;11.49;237.80
2019;08;05;06;00;24.13;1006.60;10.38;236.31
2019;08;05;07;00;24.70;1006.70;11.30;232.77
2019;08;05;08;00;26.21;1006.60;12.74;227.29
2019;08;05;09;00;27.43;1007.00;16.29;225.00
2019;08;05;10;00;27.50;1007.00;18.84;226.55
2019;08;05;11;00;27.63;1007.10;18.84;226.55
2019;08;05;12;00;27.66;1006.50;18.36;228.18
2019;08;05;13;00;27.61;1005.70;17.58;227.49
2019;08;05;14;00;27.51;1004.80;16.56;227.64
2019;08;05;15;00;27.42;1004.70;15.79;226.85
2019;08;05;16;00;27.35;1004.40;15.02;225.97
2019;08;05;17;00;27.11;1005.20;14.53;228.01
2019;08;05;18;00;26.64;1005.70;11.75;229.97
2019;08;05;19;00;26.38;1008.00;13.85;242.10
2019;08;05;20;00;25.76;1008.60;11.61;240.26
2019;08;05;21;00;25.46;1008.30;11.12;240.95
2019;08;05;22;00;25.72;1008.40;10.50;239.04
2019;08;05;23;00;25.91;1008.50;10.38;236.31
2019;08;06;00;00;25.37;1008.10;9.39;237.53
2019;08;06;01;00;25.05;1007.30;9.09;236.31
2019;08;06;02;00;24.74;1005.70;8.09;237.72
2019;08;06;03;00;24.42;1005.80;8.09;237.72
2019;08;06;04;00;24.23;1006.00;8.22;241.19
2019;08;06;05;00;24.07;1006.30;8.22;241.19
2019;08;06;06;00;24.06;1007.00;7.73;242.24
2019;08;06;07;00;26.63;1007.20;10.95;242.59
2019;08;06;08;00;27.17;1007.40;14.34;241.50
2019;08;06;09;00;27.50;1007.50;18.04;241.39
2019;08;06;10;00;27.89;1007.10;18.53;240.95
2019;08;06;11;00;27.77;1007.40;19.16;241.99
2019;08;06;12;00;27.76;1007.00;18.19;242.93
2019;08;06;13;00;28.43;1006.30;18.85;241.48
2019;08;06;14;00;28.13;1005.50;17.41;240.26
2019;08;06;15;00;27.74;1005.10;15.81;239.93
2019;08;06;16;00;27.49;1005.20;14.65;242.18
2019;08;06;17;00;27.37;1005.60;14.01;244.09
2019;08;06;18;00;26.82;1006.20;12.40;244.18
2019;08;06;19;00;26.05;1008.00;9.79;287.10
2019;08;06;20;00;25.71;1008.50;11.01;281.31
2019;08;06;21;00;25.44;1009.00;13.32;271.55
2019;08;06;22;00;24.99;1009.30;14.04;268.53
2019;08;06;23;00;24.75;1009.10;14.08;265.60
2019;08;07;00;00;24.69;1008.80;14.21;261.25
2019;08;07;01;00;24.72;1008.20;13.45;254.48
2019;08;07;02;00;24.76;1006.30;12.77;248.50
2019;08;07;03;00;24.77;1006.10;12.25;245.70
2019;08;07;04;00;24.74;1006.10;11.11;245.10
2019;08;07;05;00;24.63;1006.20;10.03;248.96
2019;08;07;06;00;24.61;1006.60;9.35;254.36
2019;08;07;07;00;24.93;1007.10;9.96;257.47
2019;08;07;08;00;25.17;1007.40;10.39;255.96
2019;08;07;09;00;25.41;1007.50;11.73;252.12
2019;08;07;10;00;26.17;1007.30;13.20;244.13
2019;08;07;11;00;26.80;1006.30;15.00;239.74
2019;08;07;12;00;27.06;1005.70;17.73;240.83
2019;08;07;13;00;26.82;1005.50;18.53;245.92
2019;08;07;14;00;27.11;1004.70;19.39;248.20
2019;08;07;15;00;27.05;1004.10;19.81;250.91
2019;08;07;16;00;27.06;1004.00;18.79;253.30
2019;08;07;17;00;27.32;1003.80;17.65;253.41
2019;08;07;18;00;26.66;1004.70;15.63;255.32
2019;08;07;19;00;24.92;1005.70;15.46;245.22
2019;08;07;20;00;24.90;1005.80;12.31;232.13
2019;08;07;21;00;24.93;1006.00;11.30;239.35
2019;08;07;22;00;24.78;1006.70;9.66;243.43
2019;08;07;23;00;24.34;1007.60;10.00;239.74
2019;08;08;00;00;24.31;1007.00;11.49;237.80
2019;08;08;01;00;24.41;1006.30;13.20;244.13
2019;08;08;02;00;24.61;1005.70;15.18;247.69
2019;08;08;03;00;24.75;1005.10;16.39;250.77
2019;08;08;04;00;24.91;1005.10;16.97;252.72
2019;08;08;05;00;25.02;1004.90;17.08;251.57
2019;08;08;06;00;25.14;1005.00;17.53;250.82
2019;08;08;07;00;25.59;1005.70;19.47;250.56
2019;08;08;08;00;25.88;1006.70;16.10;243.43
2019;08;08;09;00;25.80;1006.90;17.56;241.86
2019;08;08;10;00;25.81;1007.00;18.78;237.53
2019;08;08;11;00;25.97;1007.20;19.30;233.34
2019;08;08;12;00;26.31;1005.50;17.94;231.52
2019;08;08;13;00;26.51;1005.10;19.38;234.83
2019;08;08;14;00;26.64;1004.60;20.68;238.52
2019;08;08;15;00;26.73;1004.50;21.61;240.02
2019;08;08;16;00;26.46;1004.00;21.90;242.59
2019;08;08;17;00;26.53;1004.00;22.23;245.10
2019;08;08;18;00;26.16;1004.80;21.27;246.04
2019;08;08;19;00;25.75;1005.70;20.62;245.22
2019;08;08;20;00;25.33;1006.50;17.07;242.35
2019;08;08;21;00;24.95;1006.60;17.10;239.66
2019;08;08;22;00;24.74;1007.10;15.78;235.22
2019;08;08;23;00;24.65;1007.50;15.88;237.03
2019;08;09;00;00;24.79;1006.40;17.48;237.62
2019;08;09;01;00;24.84;1005.90;19.39;238.67
2019;08;09;02;00;24.83;1005.20;20.32;240.26
2019;08;09;03;00;24.78;1004.90;20.63;240.75
2019;08;09;04;00;24.79;1004.80;20.29;242.53
2019;08;09;05;00;24.72;1004.70;19.97;242.05
2019;08;09;06;00;24.59;1005.00;19.34;241.05
2019;08;09;07;00;24.77;1005.70;19.27;237.20
2019;08;09;08;00;25.27;1006.40;18.22;240.40
2019;08;09;09;00;25.89;1006.50;17.97;237.26
2019;08;09;10;00;26.41;1006.70;17.34;228.37
2019;08;09;11;00;26.46;1006.60;17.65;219.21
2019;08;09;12;00;26.00;1005.90;17.87;214.33
2019;08;09;13;00;25.56;1005.10;17.87;214.33
2019;08;09;14;00;25.19;1004.60;17.58;214.99
2019;08;09;15;00;24.98;1004.40;17.97;212.74
2019;08;09;16;00;24.87;1004.20;17.48;212.38
2019;08;09;17;00;24.77;1004.50;17.37;214.02
2019;08;09;18;00;24.73;1005.60;17.50;216.63
2019;08;09;19;00;24.80;1006.60;18.22;217.78
2019;08;09;20;00;24.89;1006.90;17.38;219.96
2019;08;09;21;00;24.98;1007.60;17.88;220.10
2019;08;09;22;00;24.80;1007.70;16.64;218.85
2019;08;09;23;00;24.63;1007.60;16.09;220.46
2019;08;10;00;00;24.56;1006.70;16.30;223.21
2019;08;10;01;00;24.58;1006.10;16.81;226.74
2019;08;10;02;00;24.72;1005.30;17.88;229.90
2019;08;10;03;00;24.80;1004.60;17.88;229.90
2019;08;10;04;00;24.82;1004.70;16.81;226.74
2019;08;10;05;00;24.60;1005.10;15.79;223.15
2019;08;10;06;00;24.57;1005.90;15.28;223.09
2019;08;10;07;00;26.29;1006.60;18.34;223.41
2019;08;10;08;00;26.62;1007.00;19.35;226.51
2019;08;10;09;00;28.33;1007.10;20.87;237.68
2019;08;10;10;00;28.01;1006.80;19.26;249.19
2019;08;10;11;00;27.97;1006.10;15.94;251.57
2019;08;10;12;00;27.78;1005.90;13.53;241.39
2019;08;10;13;00;27.76;1005.60;14.29;229.09
2019;08;10;14;00;27.69;1005.30;15.86;219.47
2019;08;10;15;00;27.60;1005.10;16.64;218.85
2019;08;10;16;00;27.10;1005.10;16.99;216.38
2019;08;10;17;00;26.92;1005.50;16.08;214.05
2019;08;10;18;00;26.60;1006.40;14.08;212.47
2019;08;10;19;00;26.04;1007.20;10.88;214.22
2019;08;10;20;00;26.01;1007.50;11.79;211.26
2019;08;10;21;00;26.03;1008.40;12.90;210.14
2019;08;10;22;00;25.94;1008.70;13.04;207.98
2019;08;10;23;00;25.88;1009.10;13.20;205.87
2019;08;11;00;00;25.82;1008.60;12.90;202.99
2019;08;11;01;00;25.64;1007.70;12.25;204.30
2019;08;11;02;00;25.38;1006.90;12.56;207.30
2019;08;11;03;00;25.56;1006.60;13.71;209.93
2019;08;11;04;00;25.58;1006.70;13.68;206.57
2019;08;11;05;00;25.53;1007.10;13.10;200.92
2019;08;11;06;00;25.16;1007.60;12.76;196.39
2019;08;11;07;00;26.65;1008.00;15.89;193.09
2019;08;11;08;00;27.47;1008.30;18.04;208.61
2019;08;11;09;00;28.58;1008.60;20.81;210.11
2019;08;11;10;00;28.32;1008.50;19.64;206.10
2019;08;11;11;00;28.28;1008.60;19.19;203.20
2019;08;11;12;00;28.17;1007.50;18.12;200.96
2019;08;11;13;00;28.74;1006.50;19.52;202.78
2019;08;11;14;00;28.35;1005.50;19.64;206.10
2019;08;11;15;00;28.44;1005.40;18.71;210.02
2019;08;11;16;00;28.24;1005.60;17.29;211.37
2019;08;11;17;00;28.68;1005.90;16.18;212.28
2019;08;11;18;00;27.55;1006.50;10.99;211.61
2019;08;11;19;00;26.48;1007.50;7.41;209.05
2019;08;11;20;00;26.23;1007.60;6.76;205.20
2019;08;11;21;00;25.94;1007.90;5.35;199.65
2019;08;11;22;00;25.65;1008.30;4.55;198.43
2019;08;11;23;00;25.33;1008.50;4.55;198.43
2019;08;12;00;00;24.96;1008.10;4.35;204.44
2019;08;12;01;00;24.67;1008.10;5.00;210.26
2019;08;12;02;00;24.38;1007.50;5.15;204.78
2019;08;12;03;00;24.21;1007.50;4.68;202.62
2019;08;12;04;00;24.07;1007.80;4.35;204.44
2019;08;12;05;00;24.03;1008.20;3.71;209.05
2019;08;12;06;00;24.05;1008.30;3.71;209.05
2019;08;12;07;00;26.13;1009.20;5.99;212.74
2019;08;12;08;00;28.65;1009.20;15.98;202.52
2019;08;12;09;00;30.20;1009.50;18.68;205.08
2019;08;12;10;00;31.57;1009.40;19.88;211.68
2019;08;12;11;00;32.75;1009.70;20.24;218.50
2019;08;12;12;00;33.18;1008.40;19.62;222.77
2019;08;12;13;00;32.15;1007.60;19.91;229.40
2019;08;12;14;00;31.76;1006.40;19.59;233.97
2019;08;12;15;00;32.71;1006.30;18.88;235.10
2019;08;12;16;00;32.29;1006.80;17.43;231.71
2019;08;12;17;00;31.39;1007.10;16.36;230.36
2019;08;12;18;00;29.72;1007.30;11.97;226.22
2019;08;12;19;00;28.07;1007.90;8.44;219.81
2019;08;12;20;00;27.24;1008.30;7.20;216.87
2019;08;12;21;00;26.68;1008.90;5.80;209.74
2019;08;12;22;00;26.19;1010.00;5.82;201.80
2019;08;12;23;00;25.71;1009.60;5.32;208.30
2019;08;13;00;00;25.30;1009.00;4.90;216.03
2019;08;13;01;00;24.93;1008.50;5.62;219.81
2019;08;13;02;00;24.49;1008.10;6.37;222.71
2019;08;13;03;00;24.15;1007.90;6.37;227.29
2019;08;13;04;00;23.89;1008.20;6.30;239.04
2019;08;13;05;00;23.70;1008.70;5.96;244.98
2019;08;13;06;00;23.58;1008.80;5.96;244.98
2019;08;13;07;00;26.36;1009.40;8.05;243.43
2019;08;13;08;00;28.83;1009.80;13.04;230.60
2019;08;13;09;00;30.40;1009.50;15.19;233.67
2019;08;13;10;00;31.79;1010.00;17.37;235.98
2019;08;13;11;00;32.94;1009.30;17.87;242.40
2019;08;13;12;00;32.19;1008.50;17.55;244.49
2019;08;13;13;00;33.08;1008.20;16.78;247.29
2019;08;13;14;00;31.44;1007.40;15.94;251.57
2019;08;13;15;00;31.41;1007.60;16.85;250.02
2019;08;13;16;00;30.85;1007.70;17.58;247.11
2019;08;13;17;00;30.39;1007.80;16.92;246.16
2019;08;13;18;00;29.13;1008.40;13.20;244.13
2019;08;13;19;00;27.53;1009.10;10.14;242.53
2019;08;13;20;00;26.77;1009.60;9.34;242.45
2019;08;13;21;00;26.21;1009.90;8.85;243.43
2019;08;13;22;00;25.72;1010.50;8.53;242.35
2019;08;13;23;00;25.32;1010.80;8.09;237.72
2019;08;27;00;00;25.34;1008.50;10.14;242.53
2019;08;27;01;00;25.17;1007.40;10.83;248.55
2019;08;27;02;00;24.94;1006.20;11.38;251.57
2019;08;27;03;00;24.89;1006.50;11.73;252.12
2019;08;27;04;00;24.71;1006.20;10.48;254.05
2019;08;27;05;00;24.63;1006.80;9.69;254.93
2019;08;27;06;00;24.70;1007.20;9.26;256.50
2019;08;27;07;00;26.60;1007.60;12.07;259.70
2019;08;27;08;00;26.50;1008.30;16.10;259.70
2019;08;27;09;00;26.54;1008.80;18.36;258.69
2019;08;27;10;00;26.83;1008.50;18.71;258.91
2019;08;27;11;00;26.94;1008.20;18.00;258.47
2019;08;27;12;00;27.17;1007.90;17.65;258.23
2019;08;27;13;00;27.35;1007.40;18.36;258.69
2019;08;27;14;00;27.19;1006.70;17.94;259.59
2019;08;27;15;00;28.18;1006.30;18.08;257.35
2019;08;27;16;00;26.99;1006.20;17.11;255.38
2019;08;27;17;00;27.20;1005.90;16.77;255.07
2019;08;27;18;00;26.62;1006.70;13.90;253.44
2019;08;27;19;00;26.41;1007.60;11.62;253.81
2019;08;27;20;00;26.11;1008.50;11.73;252.12
2019;08;27;21;00;25.90;1009.00;12.18;251.03
2019;08;27;22;00;25.68;1009.30;12.98;250.56
2019;08;27;23;00;25.49;1008.80;14.12;250.64
2019;08;28;00;00;25.28;1008.00;14.35;252.47
2019;08;28;01;00;25.29;1007.10;14.69;252.90
2019;08;28;02;00;25.06;1006.10;13.80;254.88
2019;08;28;03;00;25.05;1006.50;12.66;255.17
2019;08;28;04;00;25.10;1007.00;11.62;253.81
2019;08;28;05;00;25.00;1007.30;11.04;250.97
2019;08;28;06;00;25.02;1007.70;10.37;249.68
2019;08;28;07;00;26.19;1008.10;11.84;250.46
2019;08;28;08;00;26.25;1008.70;12.77;248.50
2019;08;28;09;00;26.85;1009.00;13.71;246.80
2019;08;28;10;00;27.25;1009.00;14.04;247.38
2019;08;28;11;00;27.49;1008.60;14.24;249.27
2019;08;28;12;00;27.55;1007.90;14.04;247.38
2019;08;28;13;00;27.49;1006.70;13.71;246.80
2019;08;28;14;00;27.54;1006.90;13.20;244.13
2019;08;28;15;00;27.66;1006.30;12.90;239.86
2019;08;28;16;00;27.50;1006.40;11.89;234.87
2019;08;28;17;00;27.22;1006.20;12.31;232.13
2019;08;28;18;00;26.62;1007.00;11.30;232.77
2019;08;28;19;00;26.79;1007.70;11.38;251.57
2019;08;28;20;00;26.44;1008.20;10.50;247.83
2019;08;28;21;00;26.11;1008.20;9.83;241.56
2019;08;28;22;00;25.80;1007.90;9.69;238.67
2019;08;28;23;00;25.60;1007.50;9.69;238.67
2019;08;29;00;00;25.44;1006.90;10.81;240.02
2019;08;29;01;00;25.31;1006.40;11.12;240.95
2019;08;29;02;00;25.10;1005.40;11.77;246.57
2019;08;29;03;00;25.07;1005.10;12.90;247.01
2019;08;29;04;00;25.12;1004.90;14.71;248.46
2019;08;29;05;00;25.02;1005.50;15.04;248.96
2019;08;29;06;00;25.01;1006.10;14.18;246.04
2019;08;29;07;00;26.77;1006.50;17.07;242.35
2019;08;29;08;00;26.94;1006.60;19.97;242.05
2019;08;29;09;00;26.26;1006.60;21.18;238.20
2019;08;29;10;00;26.15;1006.20;21.10;233.33
2019;08;29;11;00;26.27;1006.00;20.90;227.79
2019;08;29;12;00;26.59;1005.60;22.40;225.00
2019;08;29;13;00;27.49;1005.00;24.44;225.00
2019;08;29;14;00;27.09;1004.40;25.97;226.12
2019;08;29;15;00;27.16;1004.10;25.98;227.25
2019;08;29;16;00;27.24;1004.00;25.72;226.70
2019;08;29;17;00;27.68;1004.00;25.46;226.15
2019;08;29;18;00;26.70;1004.60;23.17;225.63
2019;08;29;19;00;25.89;1006.20;15.99;234.16
2019;08;29;20;00;26.08;1006.50;16.20;233.13
2019;08;29;21;00;26.09;1006.50;18.00;233.13
2019;08;29;22;00;26.07;1007.10;21.27;236.04
2019;08;29;23;00;25.87;1006.90;25.46;241.26
2019;08;30;00;00;25.39;1006.40;26.76;246.19
2019;08;30;01;00;25.15;1005.80;24.87;247.89
2019;08;30;02;00;24.99;1004.70;22.46;248.37
2019;08;30;03;00;24.88;1004.50;21.60;246.43
2019;08;30;04;00;24.70;1004.90;20.14;245.73
2019;08;30;05;00;24.52;1005.40;17.55;244.49
2019;08;30;06;00;24.44;1005.60;13.40;239.30
2019;08;30;07;00;26.27;1006.00;13.25;227.20
2019;08;30;08;00;27.17;1006.10;16.83;221.53
2019;08;30;09;00;28.90;1006.10;18.67;219.52
2019;08;30;10;00;27.76;1005.80;20.39;222.14
2019;08;30;11;00;27.81;1005.50;21.13;225.69
2019;08;30;12;00;27.87;1005.10;21.39;226.36
2019;08;30;13;00;27.90;1004.40;20.87;225.00
2019;08;30;14;00;27.84;1003.80;20.37;223.57
2019;08;30;15;00;27.81;1003.70;20.39;222.14
2019;08;30;16;00;27.54;1003.50;18.86;221.91
2019;08;30;17;00;27.86;1003.80;18.16;219.37
2019;08;30;18;00;26.90;1004.50;14.90;217.15
2019;08;30;19;00;27.32;1006.10;14.24;196.14
2019;08;30;20;00;26.76;1006.60;13.20;191.00
2019;08;30;21;00;26.28;1006.90;12.78;189.73
2019;08;30;22;00;25.88;1007.10;12.50;191.63
2019;08;30;23;00;25.52;1007.20;12.31;195.26
2019;08;31;00;00;25.19;1007.10;11.04;199.03
2019;08;31;01;00;24.89;1006.40;10.37;200.32
2019;08;31;02;00;24.65;1005.00;9.69;201.80
2019;08;31;03;00;24.55;1004.40;10.16;202.93
2019;08;31;04;00;24.47;1004.80;9.83;203.75
2019;08;31;05;00;25.12;1005.70;9.83;203.75
2019;08;31;06;00;25.24;1006.50;9.98;205.64
2019;08;31;07;00;27.08;1006.80;13.22;209.36
2019;08;31;08;00;27.83;1006.80;16.61;209.90
2019;08;31;09;00;29.34;1006.80;20.32;209.74
2019;08;31;10;00;29.65;1006.70;20.50;210.62
2019;08;31;11;00;29.93;1006.60;21.18;211.80
2019;08;31;12;00;30.30;1006.50;21.27;213.96
2019;08;31;13;00;30.40;1005.70;21.60;216.87
2019;08;31;14;00;30.01;1005.00;21.17;221.55
2019;08;31;15;00;29.76;1004.90;19.62;222.77
2019;08;31;16;00;29.55;1004.60;17.57;224.17
2019;08;31;17;00;29.83;1005.10;15.79;223.15
2019;08;31;18;00;28.04;1006.00;9.69;221.99
2019;08;31;19;00;27.15;1007.30;7.39;223.03
2019;08;31;20;00;26.58;1007.90;7.15;220.91
2019;08;31;21;00;26.00;1008.10;7.65;221.19
2019;08;31;22;00;25.47;1008.60;7.15;220.91
2019;08;31;23;00;24.99;1008.80;7.20;216.87
2019;09;01;00;00;24.61;1008.40;6.70;216.25
2019;09;01;01;00;24.28;1007.90;6.70;216.25
2019;09;01;02;00;24.01;1006.90;6.88;222.88
2019;09;01;03;00;23.85;1006.40;6.62;225.00
2019;09;01;04;00;23.71;1006.50;6.11;225.00
2019;09;01;05;00;23.64;1007.00;5.60;225.00
2019;09;01;06;00;23.87;1007.60;5.35;227.73
2019;09;01;07;00;25.73;1008.30;6.88;222.88
2019;09;01;08;00;27.58;1008.80;12.23;222.61
2019;09;01;09;00;28.34;1009.00;16.87;219.81
2019;09;01;10;00;28.92;1008.30;17.21;217.35
2019;09;01;11;00;29.58;1008.00;17.21;217.35
2019;09;01;12;00;29.20;1007.70;16.60;220.60
2019;09;01;13;00;29.85;1006.90;17.58;222.51
2019;09;01;14;00;29.05;1006.10;15.79;223.15
2019;09;01;15;00;28.84;1006.00;15.02;224.03
2019;09;01;16;00;28.38;1005.80;12.98;226.12
2019;09;01;17;00;27.91;1006.00;11.48;228.81
2019;09;01;18;00;26.95;1007.00;8.71;231.71
2019;09;01;19;00;26.93;1008.80;11.44;245.85
2019;09;01;20;00;26.44;1008.90;10.97;246.80
2019;09;01;21;00;26.11;1008.60;11.92;244.98
2019;09;01;22;00;25.91;1008.50;12.07;243.43
2019;09;01;23;00;25.83;1008.50;11.77;246.57
2019;09;02;00;00;25.89;1008.10;10.97;246.80
2019;09;02;01;00;25.74;1007.40;10.97;246.80
2019;09;02;02;00;25.36;1005.90;11.63;248.20
2019;09;02;03;00;25.12;1005.70;12.40;244.18
2019;09;02;04;00;25.06;1005.70;13.22;240.64
2019;09;02;05;00;25.09;1006.10;13.28;237.17
2019;09;02;06;00;25.15;1006.60;13.61;232.52
2019;09;02;07;00;25.56;1007.40;15.35;230.71
2019;09;02;08;00;25.86;1007.70;17.43;231.71
2019;09;02;09;00;26.17;1008.40;19.88;234.58
2019;09;02;10;00;26.63;1007.90;22.47;234.78
2019;09;02;11;00;26.94;1007.50;24.70;233.30
2019;09;02;12;00;26.65;1007.00;26.93;232.06
2019;09;02;13;00;26.76;1006.40;28.17;234.89
2019;09;02;14;00;27.02;1005.80;28.96;237.69
2019;09;02;15;00;27.31;1005.80;29.16;241.22
2019;09;02;16;00;27.43;1005.50;26.73;242.74
2019;09;02;17;00;27.40;1005.40;24.02;240.36
2019;09;02;18;00;26.64;1006.10;21.27;236.04
2019;09;02;19;00;26.15;1007.20;19.01;245.38
2019;09;02;20;00;25.88;1007.70;20.12;243.43
2019;09;02;21;00;25.76;1008.20;22.22;243.02
2019;09;02;22;00;25.56;1008.30;23.03;245.04
2019;09;02;23;00;25.30;1008.30;22.41;246.32
2019;09;03;00;00;25.04;1007.90;20.80;246.54
2019;09;03;01;00;24.86;1007.30;19.01;245.38
2019;09;03;02;00;24.69;1006.10;18.04;241.39
2019;09;03;03;00;24.69;1005.90;18.89;239.04
2019;09;03;04;00;24.94;1005.60;20.87;237.68
2019;09;03;05;00;24.89;1006.10;21.79;239.20
2019;09;03;06;00;24.80;1006.50;22.42;240.14
2019;09;03;07;00;25.19;1007.30;23.28;238.28
2019;09;03;08;00;25.76;1007.80;24.46;237.01
2019;09;03;09;00;26.47;1008.30;25.19;239.04
2019;09;03;10;00;27.20;1007.80;26.58;241.70
2019;09;03;11;00;27.47;1007.50;28.34;244.41
2019;09;03;12;00;27.47;1007.30;28.41;247.66
2019;09;03;13;00;27.46;1006.50;26.42;250.08
2019;09;03;14;00;27.30;1005.80;24.70;251.30
2019;09;03;15;00;27.31;1005.60;24.28;254.52
2019;09;03;16;00;27.18;1005.40;23.05;255.53
2019;09;03;17;00;26.89;1005.40;21.22;255.26
2019;09;03;18;00;26.28;1006.20;17.65;253.41
2019;09;03;19;00;26.09;1007.80;12.90;247.01
2019;09;03;20;00;25.73;1008.40;11.49;237.80
2019;09;03;21;00;25.46;1008.60;11.75;229.97
2019;09;03;22;00;25.27;1008.70;12.98;223.88
2019;09;03;23;00;25.09;1009.00;14.02;221.88
2019;09;04;00;00;24.85;1008.10;14.53;221.99
2019;09;04;01;00;24.69;1006.90;14.53;221.99
2019;09;04;02;00;24.52;1006.00;14.00;226.04
2019;09;04;03;00;24.44;1006.20;14.00;226.04
2019;09;04;04;00;24.32;1006.50;13.49;226.08
2019;09;04;05;00;24.17;1007.10;12.98;226.12
2019;09;04;06;00;24.15;1007.50;13.25;227.20
2019;09;04;07;00;26.42;1007.60;16.81;226.74
2019;09;04;08;00;28.51;1008.00;21.95;228.99
2019;09;04;09;00;28.13;1008.40;25.54;229.57
2019;09;04;10;00;27.78;1008.20;24.25;229.21
2019;09;04;11;00;27.90;1007.80;22.73;229.50
2019;09;04;12;00;27.90;1007.30;22.73;229.50
2019;09;04;13;00;27.69;1006.50;21.95;228.99
2019;09;04;14;00;27.61;1005.70;21.76;231.04
2019;09;04;15;00;27.69;1005.90;20.81;232.73
2019;09;04;16;00;27.50;1006.30;19.88;234.58
2019;09;04;17;00;27.15;1006.60;18.28;237.88
2019;09;04;18;00;26.41;1007.40;15.88;237.03
2019;09;04;19;00;26.27;1008.00;12.24;241.93
2019;09;04;20;00;25.96;1008.60;12.18;235.84
2019;09;04;21;00;25.69;1008.90;11.81;232.43
2019;09;04;22;00;25.35;1009.10;11.53;231.34
2019;09;04;23;00;25.08;1009.30;11.75;229.97
2019;09;05;00;00;24.81;1008.70;11.25;230.19
2019;09;05;01;00;24.56;1008.00;11.25;230.19
2019;09;05;02;00;24.45;1007.20;11.21;227.60
2019;09;05;03;00;24.56;1007.20;11.20;225.00
2019;09;05;04;00;24.59;1007.40;11.46;223.73
2019;09;05;05;00;24.66;1008.00;11.20;225.00
2019;09;05;06;00;24.99;1008.10;10.97;228.99
2019;09;05;07;00;26.54;1008.60;13.28;229.40
2019;09;05;08;00;27.29;1009.30;12.39;234.46
2019;09;05;09;00;27.58;1009.90;13.98;235.49
2019;09;05;10;00;28.44;1009.70;17.21;232.65
2019;09;05;11;00;31.00;1009.20;21.57;236.58
2019;09;05;12;00;29.21;1008.60;20.32;240.26
2019;09;05;13;00;29.72;1007.80;21.09;242.56
2019;09;05;14;00;30.57;1007.30;19.97;244.36
2019;09;05;15;00;31.04;1007.00;20.00;246.67
2019;09;05;16;00;30.68;1006.70;18.79;249.83
2019;09;05;17;00;29.90;1006.70;18.67;250.87
2019;09;05;18;00;28.30;1007.20;13.91;248.75
2019;09;05;19;00;27.17;1007.60;11.27;243.43
2019;09;05;20;00;26.43;1008.80;11.77;246.57
2019;09;05;21;00;26.00;1009.30;11.30;239.35
2019;09;05;22;00;25.67;1009.70;11.53;231.34
2019;09;05;23;00;25.50;1009.30;11.75;229.97
2019;09;06;00;00;25.36;1008.80;12.26;229.76
2019;09;06;01;00;25.22;1008.40;12.60;233.13
2019;09;06;02;00;25.12;1008.50;13.18;235.01
2019;09;06;03;00;25.05;1008.30;13.58;237.99
2019;09;06;04;00;24.37;1008.20;12.90;239.86
2019;09;06;05;00;24.17;1008.30;12.29;238.17
2019;09;06;06;00;24.28;1008.50;12.18;235.84
2019;09;06;07;00;26.65;1008.80;15.19;238.57
2019;09;06;08;00;27.40;1009.30;19.19;246.80
2019;09;06;09;00;28.52;1009.80;21.29;251.26
2019;09;06;10;00;28.64;1009.80;21.07;253.11
2019;09;06;11;00;29.18;1009.80;20.72;252.82
2019;09;06;12;00;29.42;1008.80;20.95;250.94
2019;09;06;13;00;29.30;1008.10;21.41;250.35
2019;09;06;14;00;29.24;1007.30;20.73;249.68
2019;09;06;15;00;29.54;1007.10;19.34;245.82
2019;09;06;16;00;30.33;1006.90;18.19;242.93
2019;09;06;17;00;29.94;1007.10;16.75;241.78
2019;09;06;18;00;28.14;1007.80;10.50;239.04
2019;09;06;19;00;27.15;1008.50;8.59;236.98
2019;09;06;20;00;26.31;1008.90;7.90;239.93
2019;09;06;21;00;25.65;1009.40;7.29;237.09
2019;09;06;22;00;25.13;1010.20;7.10;239.53
2019;09;06;23;00;24.49;1009.50;7.42;247.17
2019;09;07;00;00;24.09;1008.90;8.05;243.43
2019;09;07;01;00;23.82;1008.80;8.37;244.54
2019;09;07;02;00;23.58;1008.60;8.70;245.56
2019;09;07;03;00;23.42;1008.30;8.37;244.54
2019;09;07;04;00;23.31;1008.60;8.22;241.19
2019;09;07;05;00;23.19;1008.70;8.29;235.62
2019;09;07;06;00;23.68;1009.10;8.50;233.62
2019;09;07;07;00;25.92;1009.50;11.38;235.30
2019;09;07;08;00;27.65;1009.90;17.67;236.63
2019;09;07;09;00;28.13;1010.30;18.71;239.98
2019;09;07;10;00;28.80;1010.10;19.16;241.99
2019;09;07;11;00;28.88;1009.50;19.49;244.86
2019;09;07;12;00;28.82;1008.60;19.59;249.57
2019;09;07;13;00;28.60;1008.00;21.07;250.02
2019;09;07;14;00;28.26;1007.50;20.99;247.83
2019;09;07;15;00;27.97;1007.90;20.00;246.67
2019;09;07;16;00;28.71;1008.00;19.01;245.38
2019;09;07;17;00;28.26;1007.90;17.40;245.56
2019;09;07;18;00;26.75;1008.70;12.07;243.43
2019;09;07;19;00;25.90;1009.30;9.34;242.45
2019;09;07;20;00;25.69;1009.70;8.37;244.54
2019;09;07;21;00;25.44;1010.50;7.73;242.24
2019;09;07;22;00;25.22;1011.30;7.24;243.43
2019;09;07;23;00;24.88;1011.00;7.79;236.31
2019;09;08;00;00;24.50;1010.50;9.09;236.31
2019;09;08;01;00;24.43;1009.90;9.69;238.67
2019;09;08;02;00;24.83;1009.60;9.59;235.71
2019;09;08;03;00;24.88;1009.40;8.94;229.90
2019;09;08;04;00;24.96;1009.50;9.45;229.64
2019;09;08;05;00;24.97;1009.70;8.44;230.19
2019;09;08;06;00;25.09;1010.10;8.67;228.37
2019;09;08;07;00;26.22;1010.20;11.25;230.19
2019;09;08;08;00;27.96;1010.60;15.31;221.19
2019;09;08;09;00;29.10;1010.50;17.32;226.68
2019;09;08;10;00;28.45;1010.30;17.83;226.64
2019;09;08;11;00;28.56;1010.20;17.34;228.37
2019;09;08;12;00;28.41;1008.80;17.65;230.79
2019;09;08;13;00;28.55;1008.00;17.50;233.37
2019;09;08;14;00;28.34;1007.70;16.28;234.90
2019;09;08;15;00;28.12;1007.90;15.48;234.46
2019;09;08;16;00;27.91;1008.00;14.98;234.78
2019;09;08;17;00;28.45;1008.50;13.98;235.49
2019;09;08;18;00;26.89;1009.60;11.68;236.31
2019;09;08;19;00;26.07;1010.30;10.14;242.53
2019;09;08;20;00;25.76;1010.20;7.65;221.19
2019;09;08;21;00;25.66;1010.70;7.49;215.22
2019;09;08;22;00;25.64;1010.90;7.64;225.00
2019;09;08;23;00;25.60;1010.80;8.94;229.90
2019;09;09;00;00;25.18;1010.40;9.67;225.00
2019;09;09;01;00;24.87;1009.50;10.18;225.00
2019;09;09;02;00;24.64;1009.10;10.44;226.40
2019;09;09;03;00;25.00;1008.40;9.93;226.47
2019;09;09;04;00;25.40;1008.70;9.16;225.00
2019;09;09;05;00;25.06;1009.00;7.65;221.19
2019;09;09;06;00;25.03;1009.60;7.59;211.43
2019;09;09;07;00;25.97;1010.30;9.39;212.47
2019;09;09;08;00;27.91;1010.30;18.36;228.18
2019;09;09;09;00;29.51;1010.30;20.02;232.31
2019;09;09;10;00;28.45;1009.90;19.64;228.72
2019;09;09;11;00;28.71;1009.40;19.37;228.01
2019;09;09;12;00;28.64;1008.50;19.13;228.81
2019;09;09;13;00;28.56;1008.00;19.41;229.51
2019;09;09;14;00;28.24;1007.70;18.95;231.17
2019;09;09;15;00;27.97;1007.70;17.38;230.04
2019;09;09;16;00;27.68;1008.00;15.35;230.71
2019;09;09;17;00;27.85;1008.40;15.12;231.77
2019;09;09;18;00;26.73;1009.20;12.10;233.47
2019;09;09;19;00;26.12;1009.90;9.39;237.53
2019;09;09;20;00;25.90;1010.30;10.81;240.02
2019;09;09;21;00;25.50;1010.50;8.71;240.26
2019;09;09;22;00;25.22;1011.10;6.70;233.75
2019;09;09;23;00;25.03;1011.20;6.30;239.04
2019;09;10;00;00;24.61;1010.40;6.29;246.37
2019;09;10;01;00;24.51;1010.50;6.15;249.44
2019;09;10;02;00;24.63;1009.90;6.21;259.99
2019;09;10;03;00;24.58;1009.10;5.59;255.07
2019;09;10;04;00;24.26;1009.60;4.35;245.56
2019;09;10;05;00;24.23;1010.00;4.10;217.87
2019;09;10;06;00;24.03;1010.40;4.68;202.62
2019;09;10;07;00;26.50;1010.60;6.41;218.16
2019;09;10;08;00;27.33;1011.20;12.10;239.62
2019;09;10;09;00;28.51;1011.40;16.18;237.72
2019;09;10;10;00;28.89;1011.20;19.16;241.99
2019;09;10;11;00;28.78;1010.60;19.47;250.56
2019;09;10;12;00;31.21;1009.60;19.91;257.47
2019;09;10;13;00;31.71;1008.80;20.06;260.71
2019;09;10;14;00;31.90;1008.70;20.12;259.70
2019;09;10;15;00;31.71;1008.80;18.64;259.99
2019;09;10;16;00;29.77;1009.00;16.87;258.93
2019;09;10;17;00;30.11;1009.80;15.89;256.91
2019;09;10;18;00;28.50;1010.50;9.79;252.90
2019;09;10;19;00;27.60;1011.40;7.09;246.04
2019;09;10;20;00;27.00;1012.00;7.29;237.09
2019;09;10;21;00;26.47;1012.20;6.61;240.64
2019;09;10;22;00;26.08;1012.20;6.19;234.46
2019;09;10;23;00;25.73;1012.50;5.80;240.26