,Can Tho,Can Tho,Can Tho,Can Tho
,Temp,Pressure,WindSpeed,WindDir
DateTime,,,,
2019-07-15 00:00:00,24.58,1007.9,12.59,239.04
2019-07-15 01:00:00,24.27,1007.5,12.41,240.46
2019-07-15 02:00:00,23.87,1006.1,11.92,244.98
2019-07-15 03:00:00,23.69,1005.9,11.92,244.98
2019-07-15 04:00:00,23.37,1006.0,10.83,248.55
2019-07-15 05:00:00,23.22,1006.3,9.45,252.26
2019-07-15 06:00:00,23.8,1007.1,9.11,251.57
2019-07-15 07:00:00,26.5,1007.1,11.97,254.29
2019-07-15 08:00:00,28.16,1007.3,16.33,255.96
2019-07-15 09:00:00,30.11,1007.2,22.35,255.07
2019-07-15 10:00:00,31.14,1006.9,22.61,256.18
2019-07-15 11:00:00,31.48,1006.6,22.53,257.07
2019-07-15 12:00:00,30.94,1005.9,22.18,256.87
2019-07-15 13:00:00,30.86,1005.4,21.92,255.74
2019-07-15 14:00:00,30.27,1004.8,21.41,253.39
2019-07-15 15:00:00,29.85,1004.5,20.61,250.62
2019-07-15 16:00:00,29.29,1004.6,19.13,250.2
2019-07-15 17:00:00,29.06,1004.9,18.79,249.83
2019-07-15 18:00:00,28.27,1006.1,16.28,251.97
2019-07-15 19:00:00,26.74,1006.7,11.04,250.97
2019-07-15 20:00:00,26.47,1007.6,9.69,248.2
2019-07-15 21:00:00,26.32,1007.4,9.66,243.43
2019-07-15 22:00:00,26.16,1007.6,9.83,241.56
2019-07-15 23:00:00,25.8,1007.4,10.14,242.53
2019-07-16 00:00:00,25.59,1006.7,9.98,244.36
2019-07-16 01:00:00,25.45,1006.2,10.46,243.43
2019-07-16 02:00:00,25.26,1005.3,10.14,242.53
2019-07-16 03:00:00,25.12,1004.9,10.46,243.43
2019-07-16 04:00:00,24.93,1005.6,9.83,246.25
2019-07-16 05:00:00,24.74,1006.1,9.11,251.57
2019-07-16 06:00:00,25.08,1006.7,8.65,253.07
2019-07-16 07:00:00,27.38,1006.6,11.87,255.96
2019-07-16 08:00:00,28.02,1006.9,14.76,257.32
2019-07-16 09:00:00,28.73,1007.0,18.43,257.59
2019-07-16 10:00:00,28.46,1006.9,18.51,256.5
2019-07-16 11:00:00,28.49,1006.4,17.56,254.54
2019-07-16 12:00:00,28.54,1006.0,17.42,251.94
2019-07-16 13:00:00,28.55,1005.6,17.78,248.63
2019-07-16 14:00:00,28.47,1005.2,16.78,247.29
2019-07-16 15:00:00,28.34,1005.0,15.79,245.77
2019-07-16 16:00:00,28.08,1004.9,14.81,244.06
2019-07-16 17:00:00,28.57,1004.7,14.49,243.43
2019-07-16 18:00:00,27.24,1005.4,11.75,242.65
2019-07-16 19:00:00,26.13,1006.7,10.19,237.99
2019-07-16 20:00:00,25.83,1006.9,10.09,235.18
2019-07-16 21:00:00,25.6,1006.8,10.23,230.71
2019-07-16 22:00:00,25.37,1006.9,10.44,226.4
2019-07-16 23:00:00,25.22,1006.7,10.46,229.18
2019-07-17 00:00:00,25.05,1006.6,10.23,230.71
2019-07-17 01:00:00,24.89,1006.3,9.69,228.01
2019-07-17 02:00:00,24.69,1005.0,9.69,228.01
2019-07-17 03:00:00,24.59,1004.8,9.73,231.01
2019-07-17 04:00:00,24.48,1004.6,9.22,231.34
2019-07-17 05:00:00,24.41,1005.1,9.29,234.46
2019-07-17 06:00:00,24.77,1005.6,8.79,235.01
2019-07-17 07:00:00,26.08,1006.0,11.09,234.25
2019-07-17 08:00:00,26.93,1006.6,13.39,233.75
2019-07-17 09:00:00,28.02,1006.3,16.42,232.13
2019-07-17 10:00:00,27.47,1005.9,17.61,229.14
2019-07-17 11:00:00,27.45,1005.7,18.12,229.03
2019-07-17 12:00:00,27.52,1004.8,16.83,228.47
2019-07-17 13:00:00,27.57,1004.7,16.06,227.73
2019-07-17 14:00:00,27.52,1004.4,15.35,230.71
2019-07-17 15:00:00,27.29,1004.6,16.64,231.15
2019-07-17 16:00:00,27.02,1003.9,16.99,233.62
2019-07-17 17:00:00,26.91,1004.0,17.48,237.62
2019-07-17 18:00:00,26.52,1004.7,17.41,240.26
2019-07-17 19:00:00,26.44,1005.5,14.17,242.78
2019-07-17 20:00:00,25.84,1006.2,12.59,239.04
2019-07-17 21:00:00,25.52,1006.8,12.68,235.41
2019-07-17 22:00:00,25.06,1006.8,13.1,232.82
2019-07-17 23:00:00,24.67,1006.7,13.04,230.6
2019-07-18 00:00:00,24.36,1006.4,13.04,230.6
2019-07-18 01:00:00,24.07,1006.0,12.03,231.07
2019-07-18 02:00:00,23.89,1005.0,11.02,231.63
2019-07-18 03:00:00,24.03,1005.3,9.96,229.4
2019-07-18 04:00:00,23.83,1005.1,8.91,226.64
2019-07-18 05:00:00,23.72,1005.5,7.93,219.47
2019-07-18 06:00:00,23.79,1005.8,7.59,211.43
2019-07-18 07:00:00,24.51,1006.2,8.4,210.96
2019-07-18 08:00:00,25.97,1006.8,10.74,219.56
2019-07-18 09:00:00,27.32,1006.7,13.25,222.8
2019-07-18 10:00:00,27.72,1006.3,16.56,227.64
2019-07-18 11:00:00,27.55,1006.3,17.65,230.79
2019-07-18 12:00:00,27.69,1005.6,17.71,232.43
2019-07-18 13:00:00,28.13,1005.4,17.71,232.43
2019-07-18 14:00:00,27.63,1005.0,18.79,233.57
2019-07-18 15:00:00,27.46,1004.7,18.58,234.46
2019-07-18 16:00:00,27.36,1004.1,17.37,235.98
2019-07-18 17:00:00,28.03,1004.4,17.1,239.66
2019-07-18 18:00:00,27.16,1005.4,13.22,240.64
2019-07-18 19:00:00,26.29,1006.4,8.71,231.71
2019-07-18 20:00:00,25.95,1007.1,7.93,230.53
2019-07-18 21:00:00,25.67,1006.9,7.39,223.03
2019-07-18 22:00:00,25.43,1007.1,7.7,217.41
2019-07-18 23:00:00,25.25,1007.1,7.99,215.84
2019-07-19 00:00:00,25.07,1007.1,7.7,217.41
2019-07-19 01:00:00,24.91,1006.7,7.93,219.47
2019-07-19 02:00:00,24.69,1005.6,6.88,222.88
2019-07-19 03:00:00,24.57,1005.3,6.88,222.88
2019-07-19 04:00:00,24.46,1005.2,6.64,220.6
2019-07-19 05:00:00,24.46,1005.6,6.19,215.54
2019-07-19 06:00:00,24.74,1006.3,5.99,212.74
2019-07-19 07:00:00,25.96,1006.7,7.79,213.69
2019-07-19 08:00:00,27.4,1007.0,10.38,213.69
2019-07-19 09:00:00,27.42,1007.2,12.73,208.74
2019-07-19 10:00:00,27.42,1007.3,14.2,210.47
2019-07-19 11:00:00,27.5,1007.0,13.89,211.22
2019-07-19 12:00:00,27.56,1006.4,13.4,210.7
2019-07-19 13:00:00,27.82,1006.0,13.22,209.36
2019-07-19 14:00:00,28.0,1005.4,12.59,210.96
2019-07-19 15:00:00,28.08,1005.3,11.98,212.74
2019-07-19 16:00:00,27.89,1004.8,11.09,215.75
2019-07-19 17:00:00,27.61,1005.0,10.97,221.01
2019-07-19 18:00:00,27.16,1006.0,8.21,232.13
2019-07-19 19:00:00,27.43,1007.4,7.93,230.53
2019-07-19 20:00:00,26.94,1007.9,6.64,229.4
2019-07-19 21:00:00,26.58,1008.1,7.13,225.0
2019-07-19 22:00:00,25.94,1008.4,7.15,220.91
2019-07-19 23:00:00,25.45,1008.2,7.15,220.91
2019-07-20 00:00:00,25.52,1007.8,7.15,220.91
2019-07-20 01:00:00,25.4,1007.6,7.7,217.41
2019-07-20 02:00:00,25.22,1006.2,7.79,213.69
2019-07-20 03:00:00,25.1,1006.1,7.59,211.43
2019-07-20 04:00:00,24.98,1006.3,7.1,210.47
2019-07-20 05:00:00,24.88,1006.6,6.62,202.38
2019-07-20 06:00:00,25.16,1007.1,5.69,198.43
2019-07-20 07:00:00,26.79,1007.4,7.29,200.22
2019-07-20 08:00:00,27.56,1008.0,10.46,206.57
2019-07-20 09:00:00,28.57,1008.4,12.78,212.35
2019-07-20 10:00:00,28.83,1008.3,12.78,212.35
2019-07-20 11:00:00,29.09,1008.0,13.18,214.99
2019-07-20 12:00:00,28.75,1007.0,12.68,214.59
2019-07-20 13:00:00,29.09,1006.5,12.98,213.69
2019-07-20 14:00:00,28.69,1006.0,13.18,214.99
2019-07-20 15:00:00,28.82,1006.0,13.1,217.18
2019-07-20 16:00:00,28.49,1005.6,11.81,217.57
2019-07-20 17:00:00,28.16,1005.7,11.53,218.66
2019-07-20 18:00:00,27.99,1006.6,8.44,219.81
2019-07-20 19:00:00,27.04,1007.3,6.92,207.9
2019-07-20 20:00:00,26.71,1008.2,6.49,213.69
2019-07-20 21:00:00,26.38,1008.6,5.99,212.74
2019-07-20 22:00:00,26.05,1009.0,5.96,205.02
2019-07-20 23:00:00,25.7,1008.6,5.96,205.02
2019-07-21 00:00:00,25.37,1008.3,5.82,201.8
2019-07-21 01:00:00,25.14,1008.1,5.69,198.43
2019-07-21 02:00:00,24.83,1007.1,5.59,194.93
2019-07-21 03:00:00,24.65,1007.3,6.15,200.56
2019-07-21 04:00:00,24.51,1007.4,6.3,210.96
2019-07-21 05:00:00,24.33,1007.2,5.62,219.81
2019-07-21 06:00:00,24.34,1007.7,4.61,218.66
2019-07-21 07:00:00,26.46,1008.0,5.99,212.74
2019-07-21 08:00:00,27.2,1008.9,9.51,209.48
2019-07-21 09:00:00,27.93,1009.3,12.59,210.96
2019-07-21 10:00:00,27.59,1009.0,13.58,212.01
2019-07-21 11:00:00,27.59,1008.6,13.22,209.36
2019-07-21 12:00:00,27.56,1008.1,12.07,206.57
2019-07-21 13:00:00,27.79,1007.8,12.24,208.07
2019-07-21 14:00:00,28.05,1007.5,11.92,208.89
2019-07-21 15:00:00,29.12,1007.5,11.79,211.26
2019-07-21 16:00:00,29.1,1006.9,10.88,214.22
2019-07-21 17:00:00,29.18,1006.6,10.09,214.82
2019-07-21 18:00:00,28.08,1007.0,6.7,216.25
2019-07-21 19:00:00,28.51,1006.7,6.57,260.54
2019-07-21 20:00:00,27.98,1008.2,6.03,252.65
2019-07-21 21:00:00,27.48,1008.7,5.63,243.43
2019-07-21 22:00:00,27.05,1009.2,5.63,243.43
2019-07-21 23:00:00,26.59,1008.9,5.63,243.43
2019-07-22 00:00:00,26.12,1008.6,5.82,248.2
2019-07-22 01:00:00,25.64,1007.9,5.96,244.98
2019-07-22 02:00:00,25.11,1007.3,6.29,246.37
2019-07-22 03:00:00,24.79,1007.7,5.96,244.98
2019-07-22 04:00:00,24.46,1007.5,5.63,243.43
2019-07-22 05:00:00,24.13,1007.5,5.8,240.26
2019-07-22 06:00:00,24.14,1007.7,5.9,232.43
2019-07-22 07:00:00,26.7,1008.0,8.4,226.74
2019-07-22 08:00:00,27.06,1008.8,10.95,226.33
2019-07-22 09:00:00,27.3,1009.0,13.51,228.24
2019-07-22 10:00:00,27.26,1009.2,13.0,228.37
2019-07-22 11:00:00,27.62,1009.0,13.61,232.52
2019-07-22 12:00:00,27.78,1008.0,13.48,235.89
2019-07-22 13:00:00,27.93,1007.2,13.71,240.07
2019-07-22 14:00:00,28.82,1006.7,13.53,244.8
2019-07-22 15:00:00,28.83,1006.3,12.3,249.44
2019-07-22 16:00:00,28.36,1006.2,10.83,254.58
2019-07-22 17:00:00,28.51,1006.4,10.04,255.47
2019-07-22 18:00:00,27.5,1006.9,5.86,259.38
2019-07-22 19:00:00,27.62,1007.7,6.61,299.36
2019-07-22 20:00:00,27.23,1008.7,5.59,284.93
2019-07-22 21:00:00,26.95,1009.1,4.68,270.0
2019-07-22 22:00:00,26.55,1009.1,4.8,257.01
2019-07-22 23:00:00,26.17,1009.1,4.68,247.38
2019-07-23 00:00:00,25.83,1008.7,5.15,245.22
2019-07-23 01:00:00,25.49,1008.0,5.82,248.2
2019-07-23 02:00:00,25.2,1006.4,6.83,251.57
2019-07-23 03:00:00,25.12,1006.2,7.29,249.78
2019-07-23 04:00:00,24.74,1006.0,6.95,248.75
2019-07-23 05:00:00,24.54,1006.3,6.15,249.44
2019-07-23 06:00:00,24.67,1006.7,5.48,246.8
2019-07-23 07:00:00,27.06,1007.0,7.73,242.24
2019-07-23 08:00:00,27.96,1008.6,10.95,242.59
2019-07-23 09:00:00,29.58,1008.6,12.86,252.07
2019-07-23 10:00:00,31.11,1007.6,16.6,257.47
2019-07-23 11:00:00,33.04,1006.0,20.43,255.72
2019-07-23 12:00:00,33.29,1005.7,23.58,257.66
2019-07-23 13:00:00,32.94,1006.3,22.78,264.56
2019-07-23 14:00:00,30.89,1006.8,18.39,266.63
2019-07-23 15:00:00,30.09,1006.9,17.77,263.02
2019-07-23 16:00:00,29.08,1006.9,16.1,259.7
2019-07-23 17:00:00,29.32,1006.7,16.17,258.44
2019-07-23 18:00:00,28.26,1007.3,13.36,255.96
2019-07-23 19:00:00,26.97,1008.5,11.38,251.57
2019-07-23 20:00:00,26.57,1008.5,9.69,238.67
2019-07-23 21:00:00,26.26,1008.5,9.29,234.46
2019-07-23 22:00:00,25.94,1008.7,9.67,225.0
2019-07-23 23:00:00,25.65,1009.0,9.69,221.99
2019-07-24 00:00:00,25.24,1009.1,9.93,223.53
2019-07-24 01:00:00,24.84,1008.7,8.91,226.64
2019-07-24 02:00:00,25.08,1008.3,7.99,234.16
2019-07-24 03:00:00,25.11,1008.1,7.99,234.16
2019-07-24 04:00:00,25.02,1007.4,8.91,226.64
2019-07-24 05:00:00,24.95,1007.3,8.4,223.26
2019-07-24 06:00:00,25.26,1008.0,7.64,225.0
2019-07-24 07:00:00,27.32,1008.6,10.18,225.0
2019-07-24 08:00:00,28.07,1009.3,9.39,237.53
2019-07-24 09:00:00,29.33,1009.5,12.73,241.26
2019-07-24 10:00:00,29.12,1009.4,16.78,247.29
2019-07-24 11:00:00,31.73,1008.7,17.76,252.3
2019-07-24 12:00:00,30.92,1008.4,16.97,252.72
2019-07-24 13:00:00,31.31,1007.9,17.19,250.43
2019-07-24 14:00:00,30.16,1007.6,16.74,251.18
2019-07-24 15:00:00,30.2,1007.8,16.62,252.35
2019-07-24 16:00:00,29.57,1007.8,14.69,252.9
2019-07-24 17:00:00,29.03,1007.9,13.78,250.14
2019-07-24 18:00:00,28.03,1008.7,11.73,252.12
2019-07-24 19:00:00,26.92,1009.7,8.77,250.82
2019-07-24 20:00:00,26.31,1010.0,12.98,266.82
2019-07-24 21:00:00,25.72,1010.8,14.42,267.14
2019-07-24 22:00:00,25.19,1011.8,14.04,270.0
2019-07-24 23:00:00,24.82,1012.3,11.57,275.36
2019-07-25 00:00:00,24.79,1011.7,8.56,284.62
2019-07-25 01:00:00,24.84,1010.8,5.69,304.7
2019-07-25 02:00:00,24.73,1010.1,3.4,327.99
2019-07-25 03:00:00,24.61,1009.6,1.48,345.96
2019-07-25 04:00:00,24.55,1009.5,0.51,225.0
2019-07-25 05:00:00,24.5,1009.5,2.31,218.66
2019-07-25 06:00:00,24.53,1009.7,2.6,236.31
2019-07-25 07:00:00,26.19,1010.3,3.55,246.04
2019-07-25 08:00:00,27.89,1011.0,8.09,249.15
2019-07-25 09:00:00,27.9,1011.7,11.04,250.97
2019-07-25 10:00:00,28.09,1011.9,13.71,256.33
2019-07-25 11:00:00,28.12,1011.1,14.87,263.05
2019-07-25 12:00:00,28.02,1010.6,14.4,270.0
2019-07-25 13:00:00,27.95,1009.8,14.76,271.4
2019-07-25 14:00:00,27.91,1009.2,14.11,275.86
2019-07-25 15:00:00,27.82,1009.1,12.65,274.9
2019-07-25 16:00:00,27.64,1009.2,10.85,275.71
2019-07-25 17:00:00,27.51,1009.0,9.73,272.12
2019-07-25 18:00:00,27.37,1009.5,7.57,267.27
2019-07-25 19:00:00,26.39,1009.9,6.38,253.61
2019-07-25 20:00:00,25.7,1010.6,13.71,256.33
2019-07-25 21:00:00,25.28,1011.0,11.37,259.05
2019-07-25 22:00:00,24.88,1011.4,8.67,265.24
2019-07-25 23:00:00,24.54,1011.0,7.2,270.0
2019-07-26 00:00:00,24.44,1010.7,6.03,287.35
2019-07-26 01:00:00,24.32,1010.0,5.86,312.51
2019-07-26 02:00:00,24.16,1009.8,6.11,315.0
2019-07-26 03:00:00,23.99,1009.4,6.41,308.16
2019-07-26 04:00:00,23.85,1009.2,6.92,297.9
2019-07-26 05:00:00,23.72,1009.1,6.79,302.01
2019-07-26 06:00:00,23.82,1009.4,6.88,317.12
2019-07-26 07:00:00,25.46,1009.6,9.02,331.39
2019-07-26 08:00:00,26.94,1010.4,7.7,307.41
2019-07-26 09:00:00,28.4,1010.5,10.69,315.0
2019-07-26 10:00:00,29.97,1010.4,11.46,313.73
2019-07-26 11:00:00,31.54,1009.4,11.25,320.19
2019-07-26 12:00:00,32.68,1009.0,11.48,318.81
2019-07-26 13:00:00,33.34,1007.7,11.53,308.66
2019-07-26 14:00:00,32.54,1007.6,11.04,289.03
2019-07-26 15:00:00,31.52,1007.1,11.52,270.0
2019-07-26 16:00:00,30.62,1007.5,10.39,255.96
2019-07-26 17:00:00,29.94,1007.5,10.25,251.57
2019-07-26 18:00:00,28.92,1007.9,9.23,249.44
2019-07-26 19:00:00,27.26,1008.4,8.31,252.35
2019-07-26 20:00:00,26.48,1009.1,6.38,253.61
2019-07-26 21:00:00,25.92,1009.6,5.94,255.96
2019-07-26 22:00:00,25.51,1010.1,5.48,246.8
2019-07-26 23:00:00,25.1,1010.0,5.69,235.3
2019-07-27 00:00:00,24.57,1009.3,5.9,232.43
2019-07-27 01:00:00,24.06,1008.6,6.79,237.99
2019-07-27 02:00:00,23.73,1008.1,7.42,247.17
2019-07-27 03:00:00,24.1,1007.6,7.97,251.57
2019-07-27 04:00:00,24.12,1007.4,7.97,251.57
2019-07-27 05:00:00,24.0,1007.3,8.09,249.15
2019-07-27 06:00:00,24.13,1007.7,7.9,245.77
2019-07-27 07:00:00,26.17,1008.6,10.32,240.75
2019-07-27 08:00:00,28.19,1009.5,12.26,273.37
2019-07-27 09:00:00,28.52,1009.8,16.75,278.65
2019-07-27 10:00:00,28.7,1009.0,21.67,274.76
2019-07-27 11:00:00,30.18,1008.3,20.53,267.99
2019-07-27 12:00:00,29.4,1008.4,18.23,260.91
2019-07-27 13:00:00,29.67,1008.2,17.65,253.41
2019-07-27 14:00:00,28.81,1007.7,16.39,250.77
2019-07-27 15:00:00,28.37,1007.6,15.51,248.2
2019-07-27 16:00:00,28.18,1007.3,14.04,247.38
2019-07-27 17:00:00,28.12,1007.3,13.57,248.2
2019-07-27 18:00:00,27.26,1007.8,11.3,247.52
2019-07-27 19:00:00,26.48,1008.7,8.7,245.56
2019-07-27 20:00:00,26.1,1009.0,7.42,255.96
2019-07-27 21:00:00,25.86,1009.2,5.94,255.96
2019-07-27 22:00:00,25.64,1009.5,5.51,258.69
2019-07-27 23:00:00,25.45,1009.4,5.15,257.91
2019-07-28 00:00:00,25.14,1008.4,5.32,241.7
2019-07-28 01:00:00,24.96,1007.9,6.49,236.31
2019-07-28 02:00:00,24.83,1007.6,6.92,231.34
2019-07-28 03:00:00,24.61,1007.5,6.88,227.12
2019-07-28 04:00:00,24.39,1007.5,7.42,219.09
2019-07-28 05:00:00,23.83,1007.7,7.93,219.47
2019-07-28 06:00:00,23.9,1008.6,8.16,221.42
2019-07-28 07:00:00,26.52,1009.8,12.23,227.39
2019-07-28 08:00:00,27.71,1009.9,11.92,244.98
2019-07-28 09:00:00,29.61,1009.3,17.87,251.2
2019-07-28 10:00:00,30.76,1008.8,20.18,254.48
2019-07-28 11:00:00,31.81,1008.4,20.04,252.22
2019-07-28 12:00:00,31.55,1008.1,20.06,248.96
2019-07-28 13:00:00,32.25,1008.0,20.45,243.89
2019-07-28 14:00:00,32.19,1008.0,20.14,241.14
2019-07-28 15:00:00,30.57,1007.7,19.34,241.05
2019-07-28 16:00:00,29.82,1007.6,17.73,240.83
2019-07-28 17:00:00,29.38,1007.3,17.1,239.66
2019-07-28 18:00:00,28.3,1008.0,13.71,240.07
2019-07-28 19:00:00,26.65,1008.9,10.19,237.99
2019-07-28 20:00:00,26.03,1009.6,8.89,248.63
2019-07-28 21:00:00,25.72,1010.0,7.09,246.04
2019-07-28 22:00:00,25.53,1010.1,7.79,236.31
2019-07-28 23:00:00,25.45,1009.9,7.64,225.0
2019-07-29 00:00:00,25.19,1008.9,7.79,213.69
2019-07-29 01:00:00,24.99,1008.5,7.41,209.05
2019-07-29 02:00:00,24.85,1008.4,8.4,210.96
2019-07-29 03:00:00,24.78,1008.4,9.02,208.61
2019-07-29 04:00:00,24.71,1008.5,9.09,213.69
2019-07-29 05:00:00,24.64,1008.4,9.22,218.66
2019-07-29 06:00:00,25.01,1008.7,9.67,225.0
2019-07-29 07:00:00,27.02,1009.5,12.89,234.09
2019-07-29 08:00:00,28.73,1010.4,19.17,235.71
2019-07-29 09:00:00,29.61,1010.6,22.78,238.57
2019-07-29 10:00:00,28.71,1010.1,23.19,244.23
2019-07-29 11:00:00,28.72,1009.6,20.86,248.75
2019-07-29 12:00:00,28.7,1008.8,20.72,252.82
2019-07-29 13:00:00,29.75,1008.0,21.66,254.58
2019-07-29 14:00:00,28.55,1007.3,19.83,254.2
2019-07-29 15:00:00,28.26,1007.6,19.04,254.65
2019-07-29 16:00:00,27.9,1007.8,17.03,256.55
2019-07-29 17:00:00,27.42,1008.1,15.46,257.91
2019-07-29 18:00:00,26.81,1008.2,12.14,258.02
2019-07-29 19:00:00,26.17,1008.6,9.26,256.5
2019-07-29 20:00:00,25.84,1009.3,8.31,252.35
2019-07-29 21:00:00,25.61,1009.7,7.9,245.77
2019-07-29 22:00:00,25.37,1009.6,8.22,241.19
2019-07-29 23:00:00,25.17,1009.8,9.02,241.39
2019-07-30 00:00:00,24.16,1010.0,12.78,260.27
2019-07-30 01:00:00,23.9,1009.1,10.24,259.88
2019-07-30 02:00:00,23.67,1007.6,8.12,257.2
2019-07-30 03:00:00,23.61,1007.6,7.42,255.96
2019-07-30 04:00:00,23.56,1007.5,7.9,245.77
2019-07-30 05:00:00,23.57,1007.8,8.05,243.43
2019-07-30 06:00:00,23.77,1008.1,8.05,243.43
2019-07-30 07:00:00,25.26,1008.6,9.18,244.44
2019-07-30 08:00:00,27.01,1009.4,11.97,248.84
2019-07-30 09:00:00,28.45,1009.4,13.9,253.44
2019-07-30 10:00:00,28.92,1009.1,17.38,256.83
2019-07-30 11:00:00,29.41,1008.2,19.14,253.61
2019-07-30 12:00:00,29.87,1007.3,19.93,249.93
2019-07-30 13:00:00,30.01,1006.5,20.95,250.94
2019-07-30 14:00:00,29.97,1006.1,21.86,252.76
2019-07-30 15:00:00,29.79,1005.7,22.45,254.18
2019-07-30 16:00:00,29.39,1005.8,20.97,258.11
2019-07-30 17:00:00,28.84,1005.8,19.3,261.42
2019-07-30 18:00:00,27.96,1006.7,16.39,261.16
2019-07-30 19:00:00,26.71,1007.3,14.17,242.78
2019-07-30 20:00:00,26.28,1008.3,14.49,243.43
2019-07-30 21:00:00,25.97,1008.6,14.81,244.06
2019-07-30 22:00:00,25.64,1008.4,15.63,241.07
2019-07-30 23:00:00,25.37,1008.2,15.38,237.43
2019-07-31 00:00:00,25.27,1008.3,16.28,234.9
2019-07-31 01:00:00,25.12,1007.6,16.68,237.34
2019-07-31 02:00:00,24.95,1006.4,16.61,240.1
2019-07-31 03:00:00,24.87,1006.3,15.99,238.82
2019-07-31 04:00:00,24.83,1006.4,16.61,240.1
2019-07-31 05:00:00,24.81,1006.7,17.24,241.29
2019-07-31 06:00:00,24.88,1007.1,17.73,240.83
2019-07-31 07:00:00,26.36,1007.3,19.83,240.64
2019-07-31 08:00:00,28.13,1007.5,21.58,242.15
2019-07-31 09:00:00,29.15,1008.1,25.62,245.96
2019-07-31 10:00:00,30.1,1007.8,28.15,249.02
2019-07-31 11:00:00,30.71,1007.0,29.26,251.34
2019-07-31 12:00:00,31.27,1006.6,28.48,253.86
2019-07-31 13:00:00,31.15,1006.0,29.08,254.93
2019-07-31 14:00:00,30.0,1005.6,29.18,254.25
2019-07-31 15:00:00,29.45,1005.7,27.45,253.23
2019-07-31 16:00:00,29.06,1005.8,26.65,253.52
2019-07-31 17:00:00,28.49,1005.9,24.48,252.9
2019-07-31 18:00:00,27.63,1006.9,20.61,250.62
2019-07-31 19:00:00,27.34,1007.4,15.46,242.24
2019-07-31 20:00:00,26.51,1008.0,14.58,237.09
2019-07-31 21:00:00,26.04,1008.2,14.88,237.85
2019-07-31 22:00:00,25.76,1008.4,15.5,239.26
2019-07-31 23:00:00,25.52,1008.5,15.63,241.07
2019-08-01 00:00:00,25.28,1008.2,16.1,243.43
2019-08-01 01:00:00,25.11,1007.9,16.42,244.0
2019-08-01 02:00:00,24.85,1006.8,16.42,244.0
2019-08-01 03:00:00,24.66,1007.0,16.58,242.88
2019-08-01 04:00:00,24.42,1007.0,16.1,243.43
2019-08-01 05:00:00,24.21,1007.7,15.29,243.43
2019-08-01 06:00:00,24.21,1007.9,14.49,243.43
2019-08-01 07:00:00,26.29,1008.4,17.07,242.35
2019-08-01 08:00:00,27.82,1008.7,20.61,242.99
2019-08-01 09:00:00,28.35,1009.0,23.51,244.61
2019-08-01 10:00:00,28.42,1008.9,24.16,245.34
2019-08-01 11:00:00,28.54,1008.8,24.16,245.34
2019-08-01 12:00:00,28.59,1008.3,24.16,245.34
2019-08-01 13:00:00,28.93,1007.4,24.97,245.28
2019-08-01 14:00:00,28.7,1006.9,24.64,244.93
2019-08-01 15:00:00,28.66,1006.5,23.99,244.2
2019-08-01 16:00:00,28.49,1006.5,22.38,244.26
2019-08-01 17:00:00,28.85,1006.4,21.6,246.43
2019-08-01 18:00:00,27.58,1007.5,17.58,247.11
2019-08-01 19:00:00,27.55,1007.9,14.99,245.9
2019-08-01 20:00:00,26.77,1008.3,13.85,242.1
2019-08-01 21:00:00,26.28,1009.0,13.22,240.64
2019-08-01 22:00:00,25.89,1009.5,12.29,238.17
2019-08-01 23:00:00,25.64,1009.6,12.48,236.77
2019-08-02 00:00:00,25.4,1009.1,12.98,236.31
2019-08-02 01:00:00,25.19,1008.4,13.18,235.01
2019-08-02 02:00:00,24.9,1007.2,12.6,233.13
2019-08-02 03:00:00,24.67,1007.4,12.54,230.83
2019-08-02 04:00:00,24.33,1007.5,11.53,231.34
2019-08-02 05:00:00,23.99,1008.1,11.25,230.19
2019-08-02 06:00:00,24.06,1008.0,11.02,231.63
2019-08-02 07:00:00,26.79,1008.0,13.9,233.43
2019-08-02 08:00:00,27.37,1008.5,17.08,235.3
2019-08-02 09:00:00,28.49,1008.9,20.17,235.18
2019-08-02 10:00:00,27.85,1008.8,20.17,235.18
2019-08-02 11:00:00,27.91,1008.5,21.27,236.04
2019-08-02 12:00:00,28.01,1008.0,21.87,237.09
2019-08-02 13:00:00,29.32,1006.8,21.98,238.39
2019-08-02 14:00:00,27.91,1006.1,21.67,237.89
2019-08-02 15:00:00,27.78,1005.8,21.57,236.58
2019-08-02 16:00:00,27.44,1005.8,20.27,236.59
2019-08-02 17:00:00,28.0,1006.2,20.27,236.59
2019-08-02 18:00:00,26.91,1007.2,17.97,237.26
2019-08-02 19:00:00,26.62,1008.8,14.66,245.32
2019-08-02 20:00:00,26.1,1009.5,13.04,242.02
2019-08-02 21:00:00,25.96,1009.6,13.09,238.5
2019-08-02 22:00:00,25.81,1010.0,13.09,238.5
2019-08-02 23:00:00,25.53,1010.0,13.09,238.5
2019-08-03 00:00:00,25.33,1009.7,13.71,240.07
2019-08-03 01:00:00,25.15,1008.6,14.02,240.8
2019-08-03 02:00:00,24.98,1007.2,14.01,244.09
2019-08-03 03:00:00,24.91,1007.2,13.85,245.43
2019-08-03 04:00:00,24.76,1007.6,13.71,246.8
2019-08-03 05:00:00,24.63,1008.1,13.1,249.08
2019-08-03 06:00:00,24.55,1008.4,12.77,248.5
2019-08-03 07:00:00,25.36,1008.2,13.85,245.43
2019-08-03 08:00:00,27.76,1008.3,17.4,245.56
2019-08-03 09:00:00,28.43,1008.6,22.33,249.23
2019-08-03 10:00:00,27.88,1008.6,25.5,251.05
2019-08-03 11:00:00,27.73,1008.7,24.94,249.73
2019-08-03 12:00:00,27.76,1008.1,23.87,246.91
2019-08-03 13:00:00,27.87,1007.4,23.19,244.23
2019-08-03 14:00:00,28.29,1006.5,22.54,243.43
2019-08-03 15:00:00,27.61,1005.7,21.43,240.85
2019-08-03 16:00:00,27.27,1005.5,19.39,238.67
2019-08-03 17:00:00,27.49,1005.6,18.28,237.88
2019-08-03 18:00:00,27.2,1006.2,16.3,239.47
2019-08-03 19:00:00,26.51,1007.3,24.82,250.51
2019-08-03 20:00:00,26.09,1007.9,24.48,250.23
2019-08-03 21:00:00,25.74,1008.1,23.26,248.2
2019-08-03 22:00:00,25.25,1008.7,20.8,246.54
2019-08-03 23:00:00,25.02,1008.6,18.36,244.44
2019-08-04 00:00:00,24.92,1007.8,16.58,242.88
2019-08-04 01:00:00,24.85,1007.4,15.5,239.26
2019-08-04 02:00:00,24.73,1005.7,15.38,237.43
2019-08-04 03:00:00,24.75,1005.1,15.28,235.56
2019-08-04 04:00:00,24.72,1005.1,14.08,237.53
2019-08-04 05:00:00,24.7,1005.6,13.53,241.39
2019-08-04 06:00:00,24.83,1006.2,13.04,242.02
2019-08-04 07:00:00,26.74,1006.1,15.63,241.07
2019-08-04 08:00:00,27.47,1006.7,19.39,238.67
2019-08-04 09:00:00,29.06,1006.7,21.07,236.85
2019-08-04 10:00:00,28.03,1006.6,20.38,234.34
2019-08-04 11:00:00,27.89,1006.4,19.51,232.5
2019-08-04 12:00:00,27.96,1005.9,19.67,235.44
2019-08-04 13:00:00,27.8,1005.9,19.69,239.22
2019-08-04 14:00:00,27.71,1005.1,19.32,243.43
2019-08-04 15:00:00,27.57,1004.2,18.72,247.38
2019-08-04 16:00:00,27.49,1004.3,17.42,251.94
2019-08-04 17:00:00,26.61,1004.9,18.45,252.98
2019-08-04 18:00:00,26.18,1005.8,15.6,251.15
2019-08-04 19:00:00,26.08,1006.8,11.11,245.1
2019-08-04 20:00:00,25.69,1007.2,11.3,239.35
2019-08-04 21:00:00,25.39,1007.1,12.18,235.84
2019-08-04 22:00:00,25.06,1007.3,12.98,236.31
2019-08-04 23:00:00,24.86,1007.7,12.98,236.31
2019-08-05 00:00:00,24.71,1007.3,12.68,235.41
2019-08-05 01:00:00,24.63,1006.8,12.89,234.09
2019-08-05 02:00:00,24.68,1005.1,13.28,237.17
2019-08-05 03:00:00,24.5,1004.9,13.28,237.17
2019-08-05 04:00:00,24.38,1005.1,12.59,239.04
2019-08-05 05:00:00,24.25,1006.0,11.49,237.8
2019-08-05 06:00:00,24.13,1006.6,10.38,236.31
2019-08-05 07:00:00,24.7,1006.7,11.3,232.77
2019-08-05 08:00:00,26.21,1006.6,12.74,227.29
2019-08-05 09:00:00,27.43,1007.0,16.29,225.0
2019-08-05 10:00:00,27.5,1007.0,18.84,226.55
2019-08-05 11:00:00,27.63,1007.1,18.84,226.55
2019-08-05 12:00:00,27.66,1006.5,18.36,228.18
2019-08-05 13:00:00,27.61,1005.7,17.58,227.49
2019-08-05 14:00:00,27.51,1004.8,16.56,227.64
2019-08-05 15:00:00,27.42,1004.7,15.79,226.85
2019-08-05 16:00:00,27.35,1004.4,15.02,225.97
2019-08-05 17:00:00,27.11,1005.2,14.53,228.01
2019-08-05 18:00:00,26.64,1005.7,11.75,229.97
2019-08-05 19:00:00,26.38,1008.0,13.85,242.1
2019-08-05 20:00:00,25.76,1008.6,11.61,240.26
2019-08-05 21:00:00,25.46,1008.3,11.12,240.95
2019-08-05 22:00:00,25.72,1008.4,10.5,239.04
2019-08-05 23:00:00,25.91,1008.5,10.38,236.31
2019-08-06 00:00:00,25.37,1008.1,9.39,237.53
2019-08-06 01:00:00,25.05,1007.3,9.09,236.31
2019-08-06 02:00:00,24.74,1005.7,8.09,237.72
2019-08-06 03:00:00,24.42,1005.8,8.09,237.72
2019-08-06 04:00:00,24.23,1006.0,8.22,241.19
2019-08-06 05:00:00,24.07,1006.3,8.22,241.19
2019-08-06 06:00:00,24.06,1007.0,7.73,242.24
2019-08-06 07:00:00,26.63,1007.2,10.95,242.59
2019-08-06 08:00:00,27.17,1007.4,14.34,241.5
2019-08-06 09:00:00,27.5,1007.5,18.04,241.39
2019-08-06 10:00:00,27.89,1007.1,18.53,240.95
2019-08-06 11:00:00,27.77,1007.4,19.16,241.99
2019-08-06 12:00:00,27.76,1007.0,18.19,242.93
2019-08-06 13:00:00,28.43,1006.3,18.85,241.48
2019-08-06 14:00:00,28.13,1005.5,17.41,240.26
2019-08-06 15:00:00,27.74,1005.1,15.81,239.93
2019-08-06 16:00:00,27.49,1005.2,14.65,242.18
2019-08-06 17:00:00,27.37,1005.6,14.01,244.09
2019-08-06 18:00:00,26.82,1006.2,12.4,244.18
2019-08-06 19:00:00,26.05,1008.0,9.79,287.1
2019-08-06 20:00:00,25.71,1008.5,11.01,281.31
2019-08-06 21:00:00,25.44,1009.0,13.32,271.55
2019-08-06 22:00:00,24.99,1009.3,14.04,268.53
2019-08-06 23:00:00,24.75,1009.1,14.08,265.6
2019-08-07 00:00:00,24.69,1008.8,14.21,261.25
2019-08-07 01:00:00,24.72,1008.2,13.45,254.48
2019-08-07 02:00:00,24.76,1006.3,12.77,248.5
2019-08-07 03:00:00,24.77,1006.1,12.25,245.7
2019-08-07 04:00:00,24.74,1006.1,11.11,245.1
2019-08-07 05:00:00,24.63,1006.2,10.03,248.96
2019-08-07 06:00:00,24.61,1006.6,9.35,254.36
2019-08-07 07:00:00,24.93,1007.1,9.96,257.47
2019-08-07 08:00:00,25.17,1007.4,10.39,255.96
2019-08-07 09:00:00,25.41,1007.5,11.73,252.12
2019-08-07 10:00:00,26.17,1007.3,13.2,244.13
2019-08-07 11:00:00,26.8,1006.3,15.0,239.74
2019-08-07 12:00:00,27.06,1005.7,17.73,240.83
2019-08-07 13:00:00,26.82,1005.5,18.53,245.92
2019-08-07 14:00:00,27.11,1004.7,19.39,248.2
2019-08-07 15:00:00,27.05,1004.1,19.81,250.91
2019-08-07 16:00:00,27.06,1004.0,18.79,253.3
2019-08-07 17:00:00,27.32,1003.8,17.65,253.41
2019-08-07 18:00:00,26.66,1004.7,15.63,255.32
2019-08-07 19:00:00,24.92,1005.7,15.46,245.22
2019-08-07 20:00:00,24.9,1005.8,12.31,232.13
2019-08-07 21:00:00,24.93,1006.0,11.3,239.35
2019-08-07 22:00:00,24.78,1006.7,9.66,243.43
2019-08-07 23:00:00,24.34,1007.6,10.0,239.74
2019-08-08 00:00:00,24.31,1007.0,11.49,237.8
2019-08-08 01:00:00,24.41,1006.3,13.2,244.13
2019-08-08 02:00:00,24.61,1005.7,15.18,247.69
2019-08-08 03:00:00,24.75,1005.1,16.39,250.77
2019-08-08 04:00:00,24.91,1005.1,16.97,252.72
2019-08-08 05:00:00,25.02,1004.9,17.08,251.57
2019-08-08 06:00:00,25.14,1005.0,17.53,250.82
2019-08-08 07:00:00,25.59,1005.7,19.47,250.56
2019-08-08 08:00:00,25.88,1006.7,16.1,243.43
2019-08-08 09:00:00,25.8,1006.9,17.56,241.86
2019-08-08 10:00:00,25.81,1007.0,18.78,237.53
2019-08-08 11:00:00,25.97,1007.2,19.3,233.34
2019-08-08 12:00:00,26.31,1005.5,17.94,231.52
2019-08-08 13:00:00,26.51,1005.1,19.38,234.83
2019-08-08 14:00:00,26.64,1004.6,20.68,238.52
2019-08-08 15:00:00,26.73,1004.5,21.61,240.02
2019-08-08 16:00:00,26.46,1004.0,21.9,242.59
2019-08-08 17:00:00,26.53,1004.0,22.23,245.1
2019-08-08 18:00:00,26.16,1004.8,21.27,246.04
2019-08-08 19:00:00,25.75,1005.7,20.62,245.22
2019-08-08 20:00:00,25.33,1006.5,17.07,242.35
2019-08-08 21:00:00,24.95,1006.6,17.1,239.66
2019-08-08 22:00:00,24.74,1007.1,15.78,235.22
2019-08-08 23:00:00,24.65,1007.5,15.88,237.03
2019-08-09 00:00:00,24.79,1006.4,17.48,237.62
2019-08-09 01:00:00,24.84,1005.9,19.39,238.67
2019-08-09 02:00:00,24.83,1005.2,20.32,240.26
2019-08-09 03:00:00,24.78,1004.9,20.63,240.75
2019-08-09 04:00:00,24.79,1004.8,20.29,242.53
2019-08-09 05:00:00,24.72,1004.7,19.97,242.05
2019-08-09 06:00:00,24.59,1005.0,19.34,241.05
2019-08-09 07:00:00,24.77,1005.7,19.27,237.2
2019-08-09 08:00:00,25.27,1006.4,18.22,240.4
2019-08-09 09:00:00,25.89,1006.5,17.97,237.26
2019-08-09 10:00:00,26.41,1006.7,17.34,228.37
2019-08-09 11:00:00,26.46,1006.6,17.65,219.21
2019-08-09 12:00:00,26.0,1005.9,17.87,214.33
2019-08-09 13:00:00,25.56,1005.1,17.87,214.33
2019-08-09 14:00:00,25.19,1004.6,17.58,214.99
2019-08-09 15:00:00,24.98,1004.4,17.97,212.74
2019-08-09 16:00:00,24.87,1004.2,17.48,212.38
2019-08-09 17:00:00,24.77,1004.5,17.37,214.02
2019-08-09 18:00:00,24.73,1005.6,17.5,216.63
2019-08-09 19:00:00,24.8,1006.6,18.22,217.78
2019-08-09 20:00:00,24.89,1006.9,17.38,219.96
2019-08-09 21:00:00,24.98,1007.6,17.88,220.1
2019-08-09 22:00:00,24.8,1007.7,16.64,218.85
2019-08-09 23:00:00,24.63,1007.6,16.09,220.46
2019-08-10 00:00:00,24.56,1006.7,16.3,223.21
2019-08-10 01:00:00,24.58,1006.1,16.81,226.74
2019-08-10 02:00:00,24.72,1005.3,17.88,229.9
2019-08-10 03:00:00,24.8,1004.6,17.88,229.9
2019-08-10 04:00:00,24.82,1004.7,16.81,226.74
2019-08-10 05:00:00,24.6,1005.1,15.79,223.15
2019-08-10 06:00:00,24.57,1005.9,15.28,223.09
2019-08-10 07:00:00,26.29,1006.6,18.34,223.41
2019-08-10 08:00:00,26.62,1007.0,19.35,226.51
2019-08-10 09:00:00,28.33,1007.1,20.87,237.68
2019-08-10 10:00:00,28.01,1006.8,19.26,249.19
2019-08-10 11:00:00,27.97,1006.1,15.94,251.57
2019-08-10 12:00:00,27.78,1005.9,13.53,241.39
2019-08-10 13:00:00,27.76,1005.6,14.29,229.09
2019-08-10 14:00:00,27.69,1005.3,15.86,219.47
2019-08-10 15:00:00,27.6,1005.1,16.64,218.85
2019-08-10 16:00:00,27.1,1005.1,16.99,216.38
2019-08-10 17:00:00,26.92,1005.5,16.08,214.05
2019-08-10 18:00:00,26.6,1006.4,14.08,212.47
2019-08-10 19:00:00,26.04,1007.2,10.88,214.22
2019-08-10 20:00:00,26.01,1007.5,11.79,211.26
2019-08-10 21:00:00,26.03,1008.4,12.9,210.14
2019-08-10 22:00:00,25.94,1008.7,13.04,207.98
2019-08-10 23:00:00,25.88,1009.1,13.2,205.87
2019-08-11 00:00:00,25.82,1008.6,12.9,202.99
2019-08-11 01:00:00,25.64,1007.7,12.25,204.3
2019-08-11 02:00:00,25.38,1006.9,12.56,207.3
2019-08-11 03:00:00,25.56,1006.6,13.71,209.93
2019-08-11 04:00:00,25.58,1006.7,13.68,206.57
2019-08-11 05:00:00,25.53,1007.1,13.1,200.92
2019-08-11 06:00:00,25.16,1007.6,12.76,196.39
2019-08-11 07:00:00,26.65,1008.0,15.89,193.09
2019-08-11 08:00:00,27.47,1008.3,18.04,208.61
2019-08-11 09:00:00,28.58,1008.6,20.81,210.11
2019-08-11 10:00:00,28.32,1008.5,19.64,206.1
2019-08-11 11:00:00,28.28,1008.6,19.19,203.2
2019-08-11 12:00:00,28.17,1007.5,18.12,200.96
2019-08-11 13:00:00,28.74,1006.5,19.52,202.78
2019-08-11 14:00:00,28.35,1005.5,19.64,206.1
2019-08-11 15:00:00,28.44,1005.4,18.71,210.02
2019-08-11 16:00:00,28.24,1005.6,17.29,211.37
2019-08-11 17:00:00,28.68,1005.9,16.18,212.28
2019-08-11 18:00:00,27.55,1006.5,10.99,211.61
2019-08-11 19:00:00,26.48,1007.5,7.41,209.05
2019-08-11 20:00:00,26.23,1007.6,6.76,205.2
2019-08-11 21:00:00,25.94,1007.9,5.35,199.65
2019-08-11 22:00:00,25.65,1008.3,4.55,198.43
2019-08-11 23:00:00,25.33,1008.5,4.55,198.43
2019-08-12 00:00:00,24.96,1008.1,4.35,204.44
2019-08-12 01:00:00,24.67,1008.1,5.0,210.26
2019-08-12 02:00:00,24.38,1007.5,5.15,204.78
2019-08-12 03:00:00,24.21,1007.5,4.68,202.62
2019-08-12 04:00:00,24.07,1007.8,4.35,204.44
2019-08-12 05:00:00,24.03,1008.2,3.71,209.05
2019-08-12 06:00:00,24.05,1008.3,3.71,209.05
2019-08-12 07:00:00,26.13,1009.2,5.99,212.74
2019-08-12 08:00:00,28.65,1009.2,15.98,202.52
2019-08-12 09:00:00,30.2,1009.5,18.68,205.08
2019-08-12 10:00:00,31.57,1009.4,19.88,211.68
2019-08-12 11:00:00,32.75,1009.7,20.24,218.5
2019-08-12 12:00:00,33.18,1008.4,19.62,222.77
2019-08-12 13:00:00,32.15,1007.6,19.91,229.4
2019-08-12 14:00:00,31.76,1006.4,19.59,233.97
2019-08-12 15:00:00,32.71,1006.3,18.88,235.1
2019-08-12 16:00:00,32.29,1006.8,17.43,231.71
2019-08-12 17:00:00,31.39,1007.1,16.36,230.36
2019-08-12 18:00:00,29.72,1007.3,11.97,226.22
2019-08-12 19:00:00,28.07,1007.9,8.44,219.81
2019-08-12 20:00:00,27.24,1008.3,7.2,216.87
2019-08-12 21:00:00,26.68,1008.9,5.8,209.74
2019-08-12 22:00:00,26.19,1010.0,5.82,201.8
2019-08-12 23:00:00,25.71,1009.6,5.32,208.3
2019-08-13 00:00:00,25.3,1009.0,4.9,216.03
2019-08-13 01:00:00,24.93,1008.5,5.62,219.81
2019-08-13 02:00:00,24.49,1008.1,6.37,222.71
2019-08-13 03:00:00,24.15,1007.9,6.37,227.29
2019-08-13 04:00:00,23.89,1008.2,6.3,239.04
2019-08-13 05:00:00,23.7,1008.7,5.96,244.98
2019-08-13 06:00:00,23.58,1008.8,5.96,244.98
2019-08-13 07:00:00,26.36,1009.4,8.05,243.43
2019-08-13 08:00:00,28.83,1009.8,13.04,230.6
2019-08-13 09:00:00,30.4,1009.5,15.19,233.67
2019-08-13 10:00:00,31.79,1010.0,17.37,235.98
2019-08-13 11:00:00,32.94,1009.3,17.87,242.4
2019-08-13 12:00:00,32.19,1008.5,17.55,244.49
2019-08-13 13:00:00,33.08,1008.2,16.78,247.29
2019-08-13 14:00:00,31.44,1007.4,15.94,251.57
2019-08-13 15:00:00,31.41,1007.6,16.85,250.02
2019-08-13 16:00:00,30.85,1007.7,17.58,247.11
2019-08-13 17:00:00,30.39,1007.8,16.92,246.16
2019-08-13 18:00:00,29.13,1008.4,13.2,244.13
2019-08-13 19:00:00,27.53,1009.1,10.14,242.53
2019-08-13 20:00:00,26.77,1009.6,9.34,242.45
2019-08-13 21:00:00,26.21,1009.9,8.85,243.43
2019-08-13 22:00:00,25.72,1010.5,8.53,242.35
2019-08-13 23:00:00,25.32,1010.8,8.09,237.72
2019-08-27 00:00:00,25.34,1008.5,10.14,242.53
2019-08-27 01:00:00,25.17,1007.4,10.83,248.55
2019-08-27 02:00:00,24.94,1006.2,11.38,251.57
2019-08-27 03:00:00,24.89,1006.5,11.73,252.12
2019-08-27 04:00:00,24.71,1006.2,10.48,254.05
2019-08-27 05:00:00,24.63,1006.8,9.69,254.93
2019-08-27 06:00:00,24.7,1007.2,9.26,256.5
2019-08-27 07:00:00,26.6,1007.6,12.07,259.7
2019-08-27 08:00:00,26.5,1008.3,16.1,259.7
2019-08-27 09:00:00,26.54,1008.8,18.36,258.69
2019-08-27 10:00:00,26.83,1008.5,18.71,258.91
2019-08-27 11:00:00,26.94,1008.2,18.0,258.47
2019-08-27 12:00:00,27.17,1007.9,17.65,258.23
2019-08-27 13:00:00,27.35,1007.4,18.36,258.69
2019-08-27 14:00:00,27.19,1006.7,17.94,259.59
2019-08-27 15:00:00,28.18,1006.3,18.08,257.35
2019-08-27 16:00:00,26.99,1006.2,17.11,255.38
2019-08-27 17:00:00,27.2,1005.9,16.77,255.07
2019-08-27 18:00:00,26.62,1006.7,13.9,253.44
2019-08-27 19:00:00,26.41,1007.6,11.62,253.81
2019-08-27 20:00:00,26.11,1008.5,11.73,252.12
2019-08-27 21:00:00,25.9,1009.0,12.18,251.03
2019-08-27 22:00:00,25.68,1009.3,12.98,250.56
2019-08-27 23:00:00,25.49,1008.8,14.12,250.64
2019-08-28 00:00:00,25.28,1008.0,14.35,252.47
2019-08-28 01:00:00,25.29,1007.1,14.69,252.9
2019-08-28 02:00:00,25.06,1006.1,13.8,254.88
2019-08-28 03:00:00,25.05,1006.5,12.66,255.17
2019-08-28 04:00:00,25.1,1007.0,11.62,253.81
2019-08-28 05:00:00,25.0,1007.3,11.04,250.97
2019-08-28 06:00:00,25.02,1007.7,10.37,249.68
2019-08-28 07:00:00,26.19,1008.1,11.84,250.46
2019-08-28 08:00:00,26.25,1008.7,12.77,248.5
2019-08-28 09:00:00,26.85,1009.0,13.71,246.8
2019-08-28 10:00:00,27.25,1009.0,14.04,247.38
2019-08-28 11:00:00,27.49,1008.6,14.24,249.27
2019-08-28 12:00:00,27.55,1007.9,14.04,247.38
2019-08-28 13:00:00,27.49,1006.7,13.71,246.8
2019-08-28 14:00:00,27.54,1006.9,13.2,244.13
2019-08-28 15:00:00,27.66,1006.3,12.9,239.86
2019-08-28 16:00:00,27.5,1006.4,11.89,234.87
2019-08-28 17:00:00,27.22,1006.2,12.31,232.13
2019-08-28 18:00:00,26.62,1007.0,11.3,232.77
2019-08-28 19:00:00,26.79,1007.7,11.38,251.57
2019-08-28 20:00:00,26.44,1008.2,10.5,247.83
2019-08-28 21:00:00,26.11,1008.2,9.83,241.56
2019-08-28 22:00:00,25.8,1007.9,9.69,238.67
2019-08-28 23:00:00,25.6,1007.5,9.69,238.67
2019-08-29 00:00:00,25.44,1006.9,10.81,240.02
2019-08-29 01:00:00,25.31,1006.4,11.12,240.95
2019-08-29 02:00:00,25.1,1005.4,11.77,246.57
2019-08-29 03:00:00,25.07,1005.1,12.9,247.01
2019-08-29 04:00:00,25.12,1004.9,14.71,248.46
2019-08-29 05:00:00,25.02,1005.5,15.04,248.96
2019-08-29 06:00:00,25.01,1006.1,14.18,246.04
2019-08-29 07:00:00,26.77,1006.5,17.07,242.35
2019-08-29 08:00:00,26.94,1006.6,19.97,242.05
2019-08-29 09:00:00,26.26,1006.6,21.18,238.2
2019-08-29 10:00:00,26.15,1006.2,21.1,233.33
2019-08-29 11:00:00,26.27,1006.0,20.9,227.79
2019-08-29 12:00:00,26.59,1005.6,22.4,225.0
2019-08-29 13:00:00,27.49,1005.0,24.44,225.0
2019-08-29 14:00:00,27.09,1004.4,25.97,226.12
2019-08-29 15:00:00,27.16,1004.1,25.98,227.25
2019-08-29 16:00:00,27.24,1004.0,25.72,226.7
2019-08-29 17:00:00,27.68,1004.0,25.46,226.15
2019-08-29 18:00:00,26.7,1004.6,23.17,225.63
2019-08-29 19:00:00,25.89,1006.2,15.99,234.16
2019-08-29 20:00:00,26.08,1006.5,16.2,233.13
2019-08-29 21:00:00,26.09,1006.5,18.0,233.13
2019-08-29 22:00:00,26.07,1007.1,21.27,236.04
2019-08-29 23:00:00,25.87,1006.9,25.46,241.26
2019-08-30 00:00:00,25.39,1006.4,26.76,246.19
2019-08-30 01:00:00,25.15,1005.8,24.87,247.89
2019-08-30 02:00:00,24.99,1004.7,22.46,248.37
2019-08-30 03:00:00,24.88,1004.5,21.6,246.43
2019-08-30 04:00:00,24.7,1004.9,20.14,245.73
2019-08-30 05:00:00,24.52,1005.4,17.55,244.49
2019-08-30 06:00:00,24.44,1005.6,13.4,239.3
2019-08-30 07:00:00,26.27,1006.0,13.25,227.2
2019-08-30 08:00:00,27.17,1006.1,16.83,221.53
2019-08-30 09:00:00,28.9,1006.1,18.67,219.52
2019-08-30 10:00:00,27.76,1005.8,20.39,222.14
2019-08-30 11:00:00,27.81,1005.5,21.13,225.69
2019-08-30 12:00:00,27.87,1005.1,21.39,226.36
2019-08-30 13:00:00,27.9,1004.4,20.87,225.0
2019-08-30 14:00:00,27.84,1003.8,20.37,223.57
2019-08-30 15:00:00,27.81,1003.7,20.39,222.14
2019-08-30 16:00:00,27.54,1003.5,18.86,221.91
2019-08-30 17:00:00,27.86,1003.8,18.16,219.37
2019-08-30 18:00:00,26.9,1004.5,14.9,217.15
2019-08-30 19:00:00,27.32,1006.1,14.24,196.14
2019-08-30 20:00:00,26.76,1006.6,13.2,191.0
2019-08-30 21:00:00,26.28,1006.9,12.78,189.73
2019-08-30 22:00:00,25.88,1007.1,12.5,191.63
2019-08-30 23:00:00,25.52,1007.2,12.31,195.26
2019-08-31 00:00:00,25.19,1007.1,11.04,199.03
2019-08-31 01:00:00,24.89,1006.4,10.37,200.32
2019-08-31 02:00:00,24.65,1005.0,9.69,201.8
2019-08-31 03:00:00,24.55,1004.4,10.16,202.93
2019-08-31 04:00:00,24.47,1004.8,9.83,203.75
2019-08-31 05:00:00,25.12,1005.7,9.83,203.75
2019-08-31 06:00:00,25.24,1006.5,9.98,205.64
2019-08-31 07:00:00,27.08,1006.8,13.22,209.36
2019-08-31 08:00:00,27.83,1006.8,16.61,209.9
2019-08-31 09:00:00,29.34,1006.8,20.32,209.74
2019-08-31 10:00:00,29.65,1006.7,20.5,210.62
2019-08-31 11:00:00,29.93,1006.6,21.18,211.8
2019-08-31 12:00:00,30.3,1006.5,21.27,213.96
2019-08-31 13:00:00,30.4,1005.7,21.6,216.87
2019-08-31 14:00:00,30.01,1005.0,21.17,221.55
2019-08-31 15:00:00,29.76,1004.9,19.62,222.77
2019-08-31 16:00:00,29.55,1004.6,17.57,224.17
2019-08-31 17:00:00,29.83,1005.1,15.79,223.15
2019-08-31 18:00:00,28.04,1006.0,9.69,221.99
2019-08-31 19:00:00,27.15,1007.3,7.39,223.03
2019-08-31 20:00:00,26.58,1007.9,7.15,220.91
2019-08-31 21:00:00,26.0,1008.1,7.65,221.19
2019-08-31 22:00:00,25.47,1008.6,7.15,220.91
2019-08-31 23:00:00,24.99,1008.8,7.2,216.87
2019-09-01 00:00:00,24.61,1008.4,6.7,216.25
2019-09-01 01:00:00,24.28,1007.9,6.7,216.25
2019-09-01 02:00:00,24.01,1006.9,6.88,222.88
2019-09-01 03:00:00,23.85,1006.4,6.62,225.0
2019-09-01 04:00:00,23.71,1006.5,6.11,225.0
2019-09-01 05:00:00,23.64,1007.0,5.6,225.0
2019-09-01 06:00:00,23.87,1007.6,5.35,227.73
2019-09-01 07:00:00,25.73,1008.3,6.88,222.88
2019-09-01 08:00:00,27.58,1008.8,12.23,222.61
2019-09-01 09:00:00,28.34,1009.0,16.87,219.81
2019-09-01 10:00:00,28.92,1008.3,17.21,217.35
2019-09-01 11:00:00,29.58,1008.0,17.21,217.35
2019-09-01 12:00:00,29.2,1007.7,16.6,220.6
2019-09-01 13:00:00,29.85,1006.9,17.58,222.51
2019-09-01 14:00:00,29.05,1006.1,15.79,223.15
2019-09-01 15:00:00,28.84,1006.0,15.02,224.03
2019-09-01 16:00:00,28.38,1005.8,12.98,226.12
2019-09-01 17:00:00,27.91,1006.0,11.48,228.81
2019-09-01 18:00:00,26.95,1007.0,8.71,231.71
2019-09-01 19:00:00,26.93,1008.8,11.44,245.85
2019-09-01 20:00:00,26.44,1008.9,10.97,246.8
2019-09-01 21:00:00,26.11,1008.6,11.92,244.98
2019-09-01 22:00:00,25.91,1008.5,12.07,243.43
2019-09-01 23:00:00,25.83,1008.5,11.77,246.57
2019-09-02 00:00:00,25.89,1008.1,10.97,246.8
2019-09-02 01:00:00,25.74,1007.4,10.97,246.8
2019-09-02 02:00:00,25.36,1005.9,11.63,248.2
2019-09-02 03:00:00,25.12,1005.7,12.4,244.18
2019-09-02 04:00:00,25.06,1005.7,13.22,240.64
2019-09-02 05:00:00,25.09,1006.1,13.28,237.17
2019-09-02 06:00:00,25.15,1006.6,13.61,232.52
2019-09-02 07:00:00,25.56,1007.4,15.35,230.71
2019-09-02 08:00:00,25.86,1007.7,17.43,231.71
2019-09-02 09:00:00,26.17,1008.4,19.88,234.58
2019-09-02 10:00:00,26.63,1007.9,22.47,234.78
2019-09-02 11:00:00,26.94,1007.5,24.7,233.3
2019-09-02 12:00:00,26.65,1007.0,26.93,232.06
2019-09-02 13:00:00,26.76,1006.4,28.17,234.89
2019-09-02 14:00:00,27.02,1005.8,28.96,237.69
2019-09-02 15:00:00,27.31,1005.8,29.16,241.22
2019-09-02 16:00:00,27.43,1005.5,26.73,242.74
2019-09-02 17:00:00,27.4,1005.4,24.02,240.36
2019-09-02 18:00:00,26.64,1006.1,21.27,236.04
2019-09-02 19:00:00,26.15,1007.2,19.01,245.38
2019-09-02 20:00:00,25.88,1007.7,20.12,243.43
2019-09-02 21:00:00,25.76,1008.2,22.22,243.02
2019-09-02 22:00:00,25.56,1008.3,23.03,245.04
2019-09-02 23:00:00,25.3,1008.3,22.41,246.32
2019-09-03 00:00:00,25.04,1007.9,20.8,246.54
2019-09-03 01:00:00,24.86,1007.3,19.01,245.38
2019-09-03 02:00:00,24.69,1006.1,18.04,241.39
2019-09-03 03:00:00,24.69,1005.9,18.89,239.04
2019-09-03 04:00:00,24.94,1005.6,20.87,237.68
2019-09-03 05:00:00,24.89,1006.1,21.79,239.2
2019-09-03 06:00:00,24.8,1006.5,22.42,240.14
2019-09-03 07:00:00,25.19,1007.3,23.28,238.28
2019-09-03 08:00:00,25.76,1007.8,24.46,237.01
2019-09-03 09:00:00,26.47,1008.3,25.19,239.04
2019-09-03 10:00:00,27.2,1007.8,26.58,241.7
2019-09-03 11:00:00,27.47,1007.5,28.34,244.41
2019-09-03 12:00:00,27.47,1007.3,28.41,247.66
2019-09-03 13:00:00,27.46,1006.5,26.42,250.08
2019-09-03 14:00:00,27.3,1005.8,24.7,251.3
2019-09-03 15:00:00,27.31,1005.6,24.28,254.52
2019-09-03 16:00:00,27.18,1005.4,23.05,255.53
2019-09-03 17:00:00,26.89,1005.4,21.22,255.26
2019-09-03 18:00:00,26.28,1006.2,17.65,253.41
2019-09-03 19:00:00,26.09,1007.8,12.9,247.01
2019-09-03 20:00:00,25.73,1008.4,11.49,237.8
2019-09-03 21:00:00,25.46,1008.6,11.75,229.97
2019-09-03 22:00:00,25.27,1008.7,12.98,223.88
2019-09-03 23:00:00,25.09,1009.0,14.02,221.88
2019-09-04 00:00:00,24.85,1008.1,14.53,221.99
2019-09-04 01:00:00,24.69,1006.9,14.53,221.99
2019-09-04 02:00:00,24.52,1006.0,14.0,226.04
2019-09-04 03:00:00,24.44,1006.2,14.0,226.04
2019-09-04 04:00:00,24.32,1006.5,13.49,226.08
2019-09-04 05:00:00,24.17,1007.1,12.98,226.12
2019-09-04 06:00:00,24.15,1007.5,13.25,227.2
2019-09-04 07:00:00,26.42,1007.6,16.81,226.74
2019-09-04 08:00:00,28.51,1008.0,21.95,228.99
2019-09-04 09:00:00,28.13,1008.4,25.54,229.57
2019-09-04 10:00:00,27.78,1008.2,24.25,229.21
2019-09-04 11:00:00,27.9,1007.8,22.73,229.5
2019-09-04 12:00:00,27.9,1007.3,22.73,229.5
2019-09-04 13:00:00,27.69,1006.5,21.95,228.99
2019-09-04 14:00:00,27.61,1005.7,21.76,231.04
2019-09-04 15:00:00,27.69,1005.9,20.81,232.73
2019-09-04 16:00:00,27.5,1006.3,19.88,234.58
2019-09-04 17:00:00,27.15,1006.6,18.28,237.88
2019-09-04 18:00:00,26.41,1007.4,15.88,237.03
2019-09-04 19:00:00,26.27,1008.0,12.24,241.93
2019-09-04 20:00:00,25.96,1008.6,12.18,235.84
2019-09-04 21:00:00,25.69,1008.9,11.81,232.43
2019-09-04 22:00:00,25.35,1009.1,11.53,231.34
2019-09-04 23:00:00,25.08,1009.3,11.75,229.97
2019-09-05 00:00:00,24.81,1008.7,11.25,230.19
2019-09-05 01:00:00,24.56,1008.0,11.25,230.19
2019-09-05 02:00:00,24.45,1007.2,11.21,227.6
2019-09-05 03:00:00,24.56,1007.2,11.2,225.0
2019-09-05 04:00:00,24.59,1007.4,11.46,223.73
2019-09-05 05:00:00,24.66,1008.0,11.2,225.0
2019-09-05 06:00:00,24.99,1008.1,10.97,228.99
2019-09-05 07:00:00,26.54,1008.6,13.28,229.4
2019-09-05 08:00:00,27.29,1009.3,12.39,234.46
2019-09-05 09:00:00,27.58,1009.9,13.98,235.49
2019-09-05 10:00:00,28.44,1009.7,17.21,232.65
2019-09-05 11:00:00,31.0,1009.2,21.57,236.58
2019-09-05 12:00:00,29.21,1008.6,20.32,240.26
2019-09-05 13:00:00,29.72,1007.8,21.09,242.56
2019-09-05 14:00:00,30.57,1007.3,19.97,244.36
2019-09-05 15:00:00,31.04,1007.0,20.0,246.67
2019-09-05 16:00:00,30.68,1006.7,18.79,249.83
2019-09-05 17:00:00,29.9,1006.7,18.67,250.87
2019-09-05 18:00:00,28.3,1007.2,13.91,248.75
2019-09-05 19:00:00,27.17,1007.6,11.27,243.43
2019-09-05 20:00:00,26.43,1008.8,11.77,246.57
2019-09-05 21:00:00,26.0,1009.3,11.3,239.35
2019-09-05 22:00:00,25.67,1009.7,11.53,231.34
2019-09-05 23:00:00,25.5,1009.3,11.75,229.97
2019-09-06 00:00:00,25.36,1008.8,12.26,229.76
2019-09-06 01:00:00,25.22,1008.4,12.6,233.13
2019-09-06 02:00:00,25.12,1008.5,13.18,235.01
2019-09-06 03:00:00,25.05,1008.3,13.58,237.99
2019-09-06 04:00:00,24.37,1008.2,12.9,239.86
2019-09-06 05:00:00,24.17,1008.3,12.29,238.17
2019-09-06 06:00:00,24.28,1008.5,12.18,235.84
2019-09-06 07:00:00,26.65,1008.8,15.19,238.57
2019-09-06 08:00:00,27.4,1009.3,19.19,246.8
2019-09-06 09:00:00,28.52,1009.8,21.29,251.26
2019-09-06 10:00:00,28.64,1009.8,21.07,253.11
2019-09-06 11:00:00,29.18,1009.8,20.72,252.82
2019-09-06 12:00:00,29.42,1008.8,20.95,250.94
2019-09-06 13:00:00,29.3,1008.1,21.41,250.35
2019-09-06 14:00:00,29.24,1007.3,20.73,249.68
2019-09-06 15:00:00,29.54,1007.1,19.34,245.82
2019-09-06 16:00:00,30.33,1006.9,18.19,242.93
2019-09-06 17:00:00,29.94,1007.1,16.75,241.78
2019-09-06 18:00:00,28.14,1007.8,10.5,239.04
2019-09-06 19:00:00,27.15,1008.5,8.59,236.98
2019-09-06 20:00:00,26.31,1008.9,7.9,239.93
2019-09-06 21:00:00,25.65,1009.4,7.29,237.09
2019-09-06 22:00:00,25.13,1010.2,7.1,239.53
2019-09-06 23:00:00,24.49,1009.5,7.42,247.17
2019-09-07 00:00:00,24.09,1008.9,8.05,243.43
2019-09-07 01:00:00,23.82,1008.8,8.37,244.54
2019-09-07 02:00:00,23.58,1008.6,8.7,245.56
2019-09-07 03:00:00,23.42,1008.3,8.37,244.54
2019-09-07 04:00:00,23.31,1008.6,8.22,241.19
2019-09-07 05:00:00,23.19,1008.7,8.29,235.62
2019-09-07 06:00:00,23.68,1009.1,8.5,233.62
2019-09-07 07:00:00,25.92,1009.5,11.38,235.3
2019-09-07 08:00:00,27.65,1009.9,17.67,236.63
2019-09-07 09:00:00,28.13,1010.3,18.71,239.98
2019-09-07 10:00:00,28.8,1010.1,19.16,241.99
2019-09-07 11:00:00,28.88,1009.5,19.49,244.86
2019-09-07 12:00:00,28.82,1008.6,19.59,249.57
2019-09-07 13:00:00,28.6,1008.0,21.07,250.02
2019-09-07 14:00:00,28.26,1007.5,20.99,247.83
2019-09-07 15:00:00,27.97,1007.9,20.0,246.67
2019-09-07 16:00:00,28.71,1008.0,19.01,245.38
2019-09-07 17:00:00,28.26,1007.9,17.4,245.56
2019-09-07 18:00:00,26.75,1008.7,12.07,243.43
2019-09-07 19:00:00,25.9,1009.3,9.34,242.45
2019-09-07 20:00:00,25.69,1009.7,8.37,244.54
2019-09-07 21:00:00,25.44,1010.5,7.73,242.24
2019-09-07 22:00:00,25.22,1011.3,7.24,243.43
2019-09-07 23:00:00,24.88,1011.0,7.79,236.31
2019-09-08 00:00:00,24.5,1010.5,9.09,236.31
2019-09-08 01:00:00,24.43,1009.9,9.69,238.67
2019-09-08 02:00:00,24.83,1009.6,9.59,235.71
2019-09-08 03:00:00,24.88,1009.4,8.94,229.9
2019-09-08 04:00:00,24.96,1009.5,9.45,229.64
2019-09-08 05:00:00,24.97,1009.7,8.44,230.19
2019-09-08 06:00:00,25.09,1010.1,8.67,228.37
2019-09-08 07:00:00,26.22,1010.2,11.25,230.19
2019-09-08 08:00:00,27.96,1010.6,15.31,221.19
2019-09-08 09:00:00,29.1,1010.5,17.32,226.68
2019-09-08 10:00:00,28.45,1010.3,17.83,226.64
2019-09-08 11:00:00,28.56,1010.2,17.34,228.37
2019-09-08 12:00:00,28.41,1008.8,17.65,230.79
2019-09-08 13:00:00,28.55,1008.0,17.5,233.37
2019-09-08 14:00:00,28.34,1007.7,16.28,234.9
2019-09-08 15:00:00,28.12,1007.9,15.48,234.46
2019-09-08 16:00:00,27.91,1008.0,14.98,234.78
2019-09-08 17:00:00,28.45,1008.5,13.98,235.49
2019-09-08 18:00:00,26.89,1009.6,11.68,236.31
2019-09-08 19:00:00,26.07,1010.3,10.14,242.53
2019-09-08 20:00:00,25.76,1010.2,7.65,221.19
2019-09-08 21:00:00,25.66,1010.7,7.49,215.22
2019-09-08 22:00:00,25.64,1010.9,7.64,225.0
2019-09-08 23:00:00,25.6,1010.8,8.94,229.9
2019-09-09 00:00:00,25.18,1010.4,9.67,225.0
2019-09-09 01:00:00,24.87,1009.5,10.18,225.0
2019-09-09 02:00:00,24.64,1009.1,10.44,226.4
2019-09-09 03:00:00,25.0,1008.4,9.93,226.47
2019-09-09 04:00:00,25.4,1008.7,9.16,225.0
2019-09-09 05:00:00,25.06,1009.0,7.65,221.19
2019-09-09 06:00:00,25.03,1009.6,7.59,211.43
2019-09-09 07:00:00,25.97,1010.3,9.39,212.47
2019-09-09 08:00:00,27.91,1010.3,18.36,228.18
2019-09-09 09:00:00,29.51,1010.3,20.02,232.31
2019-09-09 10:00:00,28.45,1009.9,19.64,228.72
2019-09-09 11:00:00,28.71,1009.4,19.37,228.01
2019-09-09 12:00:00,28.64,1008.5,19.13,228.81
2019-09-09 13:00:00,28.56,1008.0,19.41,229.51
2019-09-09 14:00:00,28.24,1007.7,18.95,231.17
2019-09-09 15:00:00,27.97,1007.7,17.38,230.04
2019-09-09 16:00:00,27.68,1008.0,15.35,230.71
2019-09-09 17:00:00,27.85,1008.4,15.12,231.77
2019-09-09 18:00:00,26.73,1009.2,12.1,233.47
2019-09-09 19:00:00,26.12,1009.9,9.39,237.53
2019-09-09 20:00:00,25.9,1010.3,10.81,240.02
2019-09-09 21:00:00,25.5,1010.5,8.71,240.26
2019-09-09 22:00:00,25.22,1011.1,6.7,233.75
2019-09-09 23:00:00,25.03,1011.2,6.3,239.04
2019-09-10 00:00:00,24.61,1010.4,6.29,246.37
2019-09-10 01:00:00,24.51,1010.5,6.15,249.44
2019-09-10 02:00:00,24.63,1009.9,6.21,259.99
2019-09-10 03:00:00,24.58,1009.1,5.59,255.07
2019-09-10 04:00:00,24.26,1009.6,4.35,245.56
2019-09-10 05:00:00,24.23,1010.0,4.1,217.87
2019-09-10 06:00:00,24.03,1010.4,4.68,202.62
2019-09-10 07:00:00,26.5,1010.6,6.41,218.16
2019-09-10 08:00:00,27.33,1011.2,12.1,239.62
2019-09-10 09:00:00,28.51,1011.4,16.18,237.72
2019-09-10 10:00:00,28.89,1011.2,19.16,241.99
2019-09-10 11:00:00,28.78,1010.6,19.47,250.56
2019-09-10 12:00:00,31.21,1009.6,19.91,257.47
2019-09-10 13:00:00,31.71,1008.8,20.06,260.71
2019-09-10 14:00:00,31.9,1008.7,20.12,259.7
2019-09-10 15:00:00,31.71,1008.8,18.64,259.99
2019-09-10 16:00:00,29.77,1009.0,16.87,258.93
2019-09-10 17:00:00,30.11,1009.8,15.89,256.91
2019-09-10 18:00:00,28.5,1010.5,9.79,252.9
2019-09-10 19:00:00,27.6,1011.4,7.09,246.04
2019-09-10 20:00:00,27.0,1012.0,7.29,237.09
2019-09-10 21:00:00,26.47,1012.2,6.61,240.64
2019-09-10 22:00:00,26.08,1012.2,6.19,234.46
2019-09-10 23:00:00,25.73,1012.5,5.8,240.26
