,Da Nang,Da Nang,Da Nang,Da Nang
,Temp,Pressure,WindSpeed,WindDir
DateTime,,,,
2019-07-15 00:00:00,25.48,1003.9,8.09,212.28
2019-07-15 01:00:00,24.58,1003.4,9.42,223.45
2019-07-15 02:00:00,23.66,1002.7,10.2,227.86
2019-07-15 03:00:00,22.99,1002.5,11.02,231.63
2019-07-15 04:00:00,22.5,1003.1,11.89,234.87
2019-07-15 05:00:00,22.11,1003.5,12.18,235.84
2019-07-15 06:00:00,22.45,1004.1,11.59,233.84
2019-07-15 07:00:00,26.23,1003.8,11.59,233.84
2019-07-15 08:00:00,29.74,1003.5,11.81,232.43
2019-07-15 09:00:00,31.58,1003.2,10.23,230.71
2019-07-15 10:00:00,32.98,1003.0,9.73,231.01
2019-07-15 11:00:00,33.89,1002.8,8.21,232.13
2019-07-15 12:00:00,34.44,1002.3,5.5,238.39
2019-07-15 13:00:00,34.37,1002.0,3.6,233.13
2019-07-15 14:00:00,32.76,1001.6,2.62,195.95
2019-07-15 15:00:00,32.42,1001.5,3.76,163.3
2019-07-15 16:00:00,31.29,1001.5,5.32,151.7
2019-07-15 17:00:00,31.95,1001.8,6.95,158.75
2019-07-15 18:00:00,30.84,1002.8,7.75,158.2
2019-07-15 19:00:00,29.26,1003.8,6.29,113.63
2019-07-15 20:00:00,28.64,1004.6,5.35,132.27
2019-07-15 21:00:00,28.14,1004.5,4.9,143.97
2019-07-15 22:00:00,27.58,1004.6,4.55,161.57
2019-07-15 23:00:00,27.15,1005.0,4.32,180.0
2019-07-16 00:00:00,26.7,1004.6,3.76,196.7
2019-07-16 01:00:00,25.96,1004.1,4.39,214.99
2019-07-16 02:00:00,25.13,1003.3,5.09,225.0
2019-07-16 03:00:00,24.48,1003.1,6.13,229.76
2019-07-16 04:00:00,23.92,1003.9,6.49,236.31
2019-07-16 05:00:00,23.42,1004.6,6.7,233.75
2019-07-16 06:00:00,23.9,1004.9,6.99,235.49
2019-07-16 07:00:00,27.34,1004.8,6.49,236.31
2019-07-16 08:00:00,29.84,1004.4,6.3,239.04
2019-07-16 09:00:00,31.4,1004.6,4.51,241.39
2019-07-16 10:00:00,32.32,1004.4,1.48,255.96
2019-07-16 11:00:00,32.72,1003.9,0.8,26.57
2019-07-16 12:00:00,33.0,1003.6,2.31,51.34
2019-07-16 13:00:00,33.11,1003.2,2.6,56.31
2019-07-16 14:00:00,32.97,1002.7,3.08,69.44
2019-07-16 15:00:00,32.67,1002.5,3.62,84.29
2019-07-16 16:00:00,32.19,1002.3,4.33,94.76
2019-07-16 17:00:00,31.38,1002.6,5.86,100.62
2019-07-16 18:00:00,29.5,1003.1,6.83,108.43
2019-07-16 19:00:00,28.55,1004.1,6.15,110.56
2019-07-16 20:00:00,27.76,1004.3,6.99,124.51
2019-07-16 21:00:00,27.34,1004.6,6.88,132.88
2019-07-16 22:00:00,27.09,1004.9,6.64,139.4
2019-07-16 23:00:00,26.82,1004.9,6.3,149.04
2019-07-17 00:00:00,26.48,1004.8,6.29,156.37
2019-07-17 01:00:00,26.08,1004.2,6.16,173.29
2019-07-17 02:00:00,25.68,1003.2,6.03,197.35
2019-07-17 03:00:00,25.33,1003.0,5.4,216.87
2019-07-17 04:00:00,24.55,1002.8,6.19,234.46
2019-07-17 05:00:00,23.93,1003.3,6.92,242.1
2019-07-17 06:00:00,24.56,1003.7,7.24,243.43
2019-07-17 07:00:00,27.62,1004.2,6.49,250.56
2019-07-17 08:00:00,29.81,1004.1,5.59,255.07
2019-07-17 09:00:00,31.19,1004.3,5.04,270.0
2019-07-17 10:00:00,31.9,1003.7,4.35,294.44
2019-07-17 11:00:00,32.22,1003.4,4.07,315.0
2019-07-17 12:00:00,32.38,1002.9,4.2,329.04
2019-07-17 13:00:00,32.44,1002.6,4.35,335.56
2019-07-17 14:00:00,32.45,1002.3,4.55,341.57
2019-07-17 15:00:00,32.15,1001.8,4.33,355.24
2019-07-17 16:00:00,31.7,1001.2,4.02,10.3
2019-07-17 17:00:00,30.94,1001.3,4.07,45.0
2019-07-17 18:00:00,29.25,1002.3,4.9,72.9
2019-07-17 19:00:00,28.18,1003.0,7.42,104.04
2019-07-17 20:00:00,27.68,1003.8,7.13,135.0
2019-07-17 21:00:00,27.31,1004.0,8.09,159.15
2019-07-17 22:00:00,27.01,1004.0,8.67,175.24
2019-07-17 23:00:00,26.79,1003.9,9.03,184.57
2019-07-18 00:00:00,26.55,1003.5,9.0,196.26
2019-07-18 01:00:00,26.08,1003.2,9.18,205.56
2019-07-18 02:00:00,25.57,1002.3,9.29,215.54
2019-07-18 03:00:00,25.37,1001.9,9.93,223.53
2019-07-18 04:00:00,25.08,1001.8,10.8,233.13
2019-07-18 05:00:00,24.77,1002.0,10.99,238.39
2019-07-18 06:00:00,25.05,1002.3,9.98,244.36
2019-07-18 07:00:00,26.98,1002.5,8.89,248.63
2019-07-18 08:00:00,29.33,1002.6,8.89,248.63
2019-07-18 09:00:00,30.45,1002.9,8.7,245.56
2019-07-18 10:00:00,31.4,1002.8,7.41,240.95
2019-07-18 11:00:00,32.06,1002.7,6.61,240.64
2019-07-18 12:00:00,32.69,1002.2,5.69,235.3
2019-07-18 13:00:00,33.03,1001.4,5.62,230.19
2019-07-18 14:00:00,33.21,1000.9,4.84,228.01
2019-07-18 15:00:00,33.22,1000.6,4.07,225.0
2019-07-18 16:00:00,32.71,1000.3,1.8,216.87
2019-07-18 17:00:00,31.93,1000.8,0.72,90.0
2019-07-18 18:00:00,30.49,1001.6,2.55,81.87
2019-07-18 19:00:00,29.92,1002.2,11.89,125.13
2019-07-18 20:00:00,29.32,1003.0,12.5,138.5
2019-07-18 21:00:00,28.95,1003.7,12.41,150.46
2019-07-18 22:00:00,28.57,1003.5,11.84,160.46
2019-07-18 23:00:00,28.29,1003.4,10.14,173.88
2019-07-19 00:00:00,27.71,1003.3,9.37,182.2
2019-07-19 01:00:00,27.03,1002.7,8.91,194.04
2019-07-19 02:00:00,26.45,1001.8,9.03,203.5
2019-07-19 03:00:00,26.02,1001.6,9.39,212.47
2019-07-19 04:00:00,25.64,1001.5,9.96,220.6
2019-07-19 05:00:00,25.31,1002.3,10.97,228.99
2019-07-19 06:00:00,25.2,1003.0,11.09,234.25
2019-07-19 07:00:00,27.48,1003.3,10.63,241.7
2019-07-19 08:00:00,30.37,1003.4,11.44,245.85
2019-07-19 09:00:00,31.99,1003.7,10.83,248.55
2019-07-19 10:00:00,33.24,1003.3,9.45,252.26
2019-07-19 11:00:00,34.21,1002.8,7.07,255.26
2019-07-19 12:00:00,34.93,1001.8,3.55,246.04
2019-07-19 13:00:00,35.22,1001.2,1.14,198.43
2019-07-19 14:00:00,35.34,1001.2,1.44,90.0
2019-07-19 15:00:00,35.03,1001.5,3.26,83.66
2019-07-19 16:00:00,32.5,1001.8,5.05,85.91
2019-07-19 17:00:00,32.75,1002.0,7.28,98.53
2019-07-19 18:00:00,30.81,1002.7,7.77,103.39
2019-07-19 19:00:00,30.58,1003.9,5.35,132.27
2019-07-19 20:00:00,29.63,1003.9,6.19,144.46
2019-07-19 21:00:00,28.88,1004.3,7.24,153.43
2019-07-19 22:00:00,28.21,1004.4,8.21,164.74
2019-07-19 23:00:00,27.67,1004.6,8.65,177.61
2019-07-20 00:00:00,26.91,1004.4,7.99,187.77
2019-07-20 01:00:00,25.98,1004.6,8.31,197.65
2019-07-20 02:00:00,25.04,1003.2,8.53,207.65
2019-07-20 03:00:00,24.48,1002.9,9.22,218.66
2019-07-20 04:00:00,23.8,1003.6,10.2,227.86
2019-07-20 05:00:00,23.24,1004.5,10.09,235.18
2019-07-20 06:00:00,23.49,1005.3,10.0,239.74
2019-07-20 07:00:00,27.03,1005.4,9.66,243.43
2019-07-20 08:00:00,30.09,1005.5,9.69,248.2
2019-07-20 09:00:00,31.68,1005.4,8.43,250.02
2019-07-20 10:00:00,32.88,1005.1,7.07,255.26
2019-07-20 11:00:00,33.67,1004.7,4.32,270.0
2019-07-20 12:00:00,34.15,1004.0,2.31,308.66
2019-07-20 13:00:00,34.16,1003.5,2.52,360.0
2019-07-20 14:00:00,32.69,1003.7,3.83,41.19
2019-07-20 15:00:00,31.84,1004.0,5.48,66.8
2019-07-20 16:00:00,29.95,1003.6,5.77,86.42
2019-07-20 17:00:00,30.88,1003.7,6.92,98.97
2019-07-20 18:00:00,29.65,1004.2,6.76,115.2
2019-07-20 19:00:00,29.24,1005.1,8.59,123.02
2019-07-20 20:00:00,28.73,1005.5,8.29,145.62
2019-07-20 21:00:00,28.42,1006.2,8.09,159.15
2019-07-20 22:00:00,28.1,1006.2,7.64,171.87
2019-07-20 23:00:00,27.72,1005.9,7.56,180.0
2019-07-21 00:00:00,27.26,1005.7,7.64,188.13
2019-07-21 01:00:00,26.59,1005.3,8.05,190.3
2019-07-21 02:00:00,25.79,1004.5,8.91,194.04
2019-07-21 03:00:00,25.14,1004.4,8.77,199.18
2019-07-21 04:00:00,24.55,1004.8,8.77,199.18
2019-07-21 05:00:00,24.15,1005.1,8.56,202.25
2019-07-21 06:00:00,24.7,1005.7,8.29,214.38
2019-07-21 07:00:00,28.04,1006.1,5.12,230.71
2019-07-21 08:00:00,30.19,1006.5,3.4,237.99
2019-07-21 09:00:00,30.56,1006.7,3.4,212.01
2019-07-21 10:00:00,31.16,1006.5,2.55,171.87
2019-07-21 11:00:00,30.25,1006.1,3.67,168.69
2019-07-21 12:00:00,29.37,1006.1,4.32,180.0
2019-07-21 13:00:00,30.85,1005.3,5.05,184.09
2019-07-21 14:00:00,30.09,1005.2,4.38,189.46
2019-07-21 15:00:00,30.87,1005.3,4.69,184.4
2019-07-21 16:00:00,29.19,1004.5,4.32,180.0
2019-07-21 17:00:00,29.39,1004.5,4.69,175.6
2019-07-21 18:00:00,29.18,1005.0,4.9,162.9
2019-07-21 19:00:00,29.68,1005.1,3.26,83.66
2019-07-21 20:00:00,29.19,1005.9,3.89,123.69
2019-07-21 21:00:00,28.91,1006.8,4.9,143.97
2019-07-21 22:00:00,28.43,1007.0,6.61,150.64
2019-07-21 23:00:00,28.07,1006.7,7.73,152.24
2019-07-22 00:00:00,27.81,1006.3,8.89,158.63
2019-07-22 01:00:00,27.57,1005.7,9.61,167.01
2019-07-22 02:00:00,27.27,1005.4,9.39,175.6
2019-07-22 03:00:00,27.0,1005.2,9.01,182.29
2019-07-22 04:00:00,26.64,1005.2,8.4,189.87
2019-07-22 05:00:00,26.77,1005.0,8.4,189.87
2019-07-22 06:00:00,26.95,1005.1,7.92,180.0
2019-07-22 07:00:00,28.88,1005.3,7.95,174.81
2019-07-22 08:00:00,30.16,1005.6,8.47,167.74
2019-07-22 09:00:00,29.85,1005.5,9.61,167.01
2019-07-22 10:00:00,29.17,1006.0,9.78,173.66
2019-07-22 11:00:00,29.24,1005.7,9.0,180.0
2019-07-22 12:00:00,28.05,1005.1,9.36,180.0
2019-07-22 13:00:00,28.43,1004.2,7.99,187.77
2019-07-22 14:00:00,28.43,1003.7,7.99,187.77
2019-07-22 15:00:00,28.47,1003.8,7.56,180.0
2019-07-22 16:00:00,28.45,1003.4,7.93,177.4
2019-07-22 17:00:00,28.14,1003.6,7.95,185.19
2019-07-22 18:00:00,27.92,1003.9,8.4,189.87
2019-07-22 19:00:00,28.92,1005.3,12.96,178.41
2019-07-22 20:00:00,28.13,1005.7,12.22,193.63
2019-07-22 21:00:00,27.54,1006.4,12.73,208.74
2019-07-22 22:00:00,26.75,1006.2,13.32,218.42
2019-07-22 23:00:00,26.17,1006.3,14.51,223.99
2019-07-23 00:00:00,25.62,1005.9,15.19,233.67
2019-07-23 01:00:00,25.12,1005.1,14.88,237.85
2019-07-23 02:00:00,24.7,1003.8,13.53,241.39
2019-07-23 03:00:00,24.48,1003.4,11.44,241.82
2019-07-23 04:00:00,24.39,1003.6,8.5,233.62
2019-07-23 05:00:00,24.34,1004.3,7.13,225.0
2019-07-23 06:00:00,24.6,1004.8,6.79,212.01
2019-07-23 07:00:00,25.92,1005.2,6.64,192.53
2019-07-23 08:00:00,29.83,1005.4,9.73,218.99
2019-07-23 09:00:00,31.5,1005.0,9.22,231.34
2019-07-23 10:00:00,33.11,1003.7,9.45,252.26
2019-07-23 11:00:00,34.41,1003.4,8.64,270.0
2019-07-23 12:00:00,32.57,1003.2,4.8,282.99
2019-07-23 13:00:00,33.28,1003.0,0.72,270.0
2019-07-23 14:00:00,33.43,1002.9,2.31,141.34
2019-07-23 15:00:00,33.38,1002.7,6.37,137.29
2019-07-23 16:00:00,31.09,1003.3,10.69,135.0
2019-07-23 17:00:00,32.01,1002.9,11.71,135.0
2019-07-23 18:00:00,31.23,1003.4,11.02,141.63
2019-07-23 19:00:00,30.19,1004.5,9.98,154.36
2019-07-23 20:00:00,29.25,1005.1,9.57,160.2
2019-07-23 21:00:00,28.13,1005.5,10.8,180.0
2019-07-23 22:00:00,27.06,1005.2,10.39,194.04
2019-07-23 23:00:00,25.99,1005.5,9.79,197.1
2019-07-24 00:00:00,25.23,1005.5,9.96,192.53
2019-07-24 01:00:00,25.61,1005.2,10.74,193.57
2019-07-24 02:00:00,25.67,1004.4,10.5,202.17
2019-07-24 03:00:00,25.48,1004.3,11.04,199.03
2019-07-24 04:00:00,25.32,1004.4,10.14,196.5
2019-07-24 05:00:00,25.23,1004.4,9.53,190.89
2019-07-24 06:00:00,25.26,1005.2,9.73,182.12
2019-07-24 07:00:00,25.97,1005.8,10.44,180.0
2019-07-24 08:00:00,27.86,1006.7,10.83,248.55
2019-07-24 09:00:00,28.72,1006.5,12.76,253.61
2019-07-24 10:00:00,29.26,1006.0,14.59,254.25
2019-07-24 11:00:00,29.34,1005.5,15.98,255.65
2019-07-24 12:00:00,29.84,1004.8,13.55,253.01
2019-07-24 13:00:00,30.04,1004.4,10.81,240.02
2019-07-24 14:00:00,30.13,1004.4,8.16,228.58
2019-07-24 15:00:00,30.03,1004.4,6.61,209.36
2019-07-24 16:00:00,29.57,1004.3,6.12,180.0
2019-07-24 17:00:00,29.19,1004.8,7.29,159.78
2019-07-24 18:00:00,28.82,1005.2,9.0,163.74
2019-07-24 19:00:00,28.34,1006.0,10.83,164.58
2019-07-24 20:00:00,28.17,1006.4,8.23,156.8
2019-07-24 21:00:00,27.7,1006.7,10.31,155.22
2019-07-24 22:00:00,27.08,1007.3,10.59,162.18
2019-07-24 23:00:00,26.53,1007.6,9.75,175.76
2019-07-25 00:00:00,25.98,1007.5,9.01,177.71
2019-07-25 01:00:00,25.26,1007.2,9.06,186.84
2019-07-25 02:00:00,24.42,1006.8,9.36,202.62
2019-07-25 03:00:00,23.92,1006.4,10.74,219.56
2019-07-25 04:00:00,24.43,1006.6,9.93,226.47
2019-07-25 05:00:00,24.46,1007.2,8.16,228.58
2019-07-25 06:00:00,24.45,1007.4,8.29,235.62
2019-07-25 07:00:00,25.24,1007.8,6.37,222.71
2019-07-25 08:00:00,27.57,1008.1,10.99,238.39
2019-07-25 09:00:00,29.82,1008.2,10.63,241.7
2019-07-25 10:00:00,31.88,1007.7,9.5,245.38
2019-07-25 11:00:00,33.49,1006.7,7.99,262.23
2019-07-25 12:00:00,31.71,1006.4,4.33,274.76
2019-07-25 13:00:00,32.17,1006.4,2.62,285.95
2019-07-25 14:00:00,31.84,1006.1,2.1,300.96
2019-07-25 15:00:00,31.68,1006.0,1.14,341.57
2019-07-25 16:00:00,29.44,1006.3,1.3,303.69
2019-07-25 17:00:00,30.25,1006.4,0.0,180.0
2019-07-25 18:00:00,30.0,1006.6,1.8,126.87
2019-07-25 19:00:00,28.68,1007.0,2.52,180.0
2019-07-25 20:00:00,27.28,1007.4,9.23,249.44
2019-07-25 21:00:00,26.39,1008.1,9.69,238.67
2019-07-25 22:00:00,26.06,1008.7,10.51,231.95
2019-07-25 23:00:00,25.96,1008.7,11.12,240.95
2019-07-26 00:00:00,25.92,1007.9,12.1,247.25
2019-07-26 01:00:00,25.68,1007.0,13.55,253.01
2019-07-26 02:00:00,24.12,1006.3,13.45,254.48
2019-07-26 03:00:00,23.35,1006.3,11.37,259.05
2019-07-26 04:00:00,22.91,1007.0,10.81,268.09
2019-07-26 05:00:00,22.65,1007.8,9.73,267.88
2019-07-26 06:00:00,23.3,1008.1,9.11,260.91
2019-07-26 07:00:00,26.7,1008.1,8.56,255.38
2019-07-26 08:00:00,28.91,1008.3,13.71,256.33
2019-07-26 09:00:00,30.32,1008.2,12.65,265.1
2019-07-26 10:00:00,31.66,1007.4,10.8,270.0
2019-07-26 11:00:00,32.89,1006.2,9.01,272.29
2019-07-26 12:00:00,30.75,1006.0,6.57,279.46
2019-07-26 13:00:00,32.09,1005.0,4.9,287.1
2019-07-26 14:00:00,31.69,1005.1,4.1,307.87
2019-07-26 15:00:00,31.2,1004.9,2.6,326.31
2019-07-26 16:00:00,29.75,1005.3,1.8,360.0
2019-07-26 17:00:00,30.14,1005.7,2.16,90.0
2019-07-26 18:00:00,29.37,1005.8,4.84,138.01
2019-07-26 19:00:00,27.99,1005.9,6.99,145.49
2019-07-26 20:00:00,27.03,1006.5,10.09,177.95
2019-07-26 21:00:00,26.12,1007.2,10.95,189.46
2019-07-26 22:00:00,25.2,1007.7,11.17,200.77
2019-07-26 23:00:00,24.21,1007.4,10.97,203.2
2019-07-27 00:00:00,23.76,1006.8,10.63,208.3
2019-07-27 01:00:00,23.31,1006.0,10.38,213.69
2019-07-27 02:00:00,22.85,1005.1,11.71,225.0
2019-07-27 03:00:00,22.28,1004.3,12.1,233.47
2019-07-27 04:00:00,21.86,1004.9,11.38,235.3
2019-07-27 05:00:00,21.48,1005.4,9.22,231.34
2019-07-27 06:00:00,21.98,1006.1,8.67,228.37
2019-07-27 07:00:00,25.63,1006.5,9.09,236.31
2019-07-27 08:00:00,28.82,1006.7,10.59,260.22
2019-07-27 09:00:00,30.52,1006.7,10.11,265.91
2019-07-27 10:00:00,31.8,1006.2,8.35,277.43
2019-07-27 11:00:00,32.71,1005.3,7.79,303.69
2019-07-27 12:00:00,33.2,1004.1,9.18,311.82
2019-07-27 13:00:00,33.44,1003.5,8.67,318.37
2019-07-27 14:00:00,33.42,1003.2,7.15,319.09
2019-07-27 15:00:00,33.14,1003.6,3.62,354.29
2019-07-27 16:00:00,30.45,1004.1,4.69,57.53
2019-07-27 17:00:00,30.67,1004.5,5.94,75.96
2019-07-27 18:00:00,29.37,1005.0,7.2,90.0
2019-07-27 19:00:00,28.17,1005.4,9.0,106.26
2019-07-27 20:00:00,27.47,1006.0,9.59,145.71
2019-07-27 21:00:00,26.97,1006.5,10.11,175.91
2019-07-27 22:00:00,26.53,1006.9,10.14,186.12
2019-07-27 23:00:00,25.83,1006.7,9.69,201.8
2019-07-28 00:00:00,24.94,1005.5,9.59,214.29
2019-07-28 01:00:00,24.35,1004.8,9.18,221.82
2019-07-28 02:00:00,23.76,1004.5,9.96,229.4
2019-07-28 03:00:00,23.19,1004.8,8.94,229.9
2019-07-28 04:00:00,22.74,1004.7,9.22,231.34
2019-07-28 05:00:00,22.38,1004.9,6.49,236.31
2019-07-28 06:00:00,23.01,1005.9,4.84,228.01
2019-07-28 07:00:00,26.5,1006.6,3.05,225.0
2019-07-28 08:00:00,29.23,1006.7,10.74,256.43
2019-07-28 09:00:00,30.63,1006.2,9.89,259.51
2019-07-28 10:00:00,31.56,1005.8,7.99,262.23
2019-07-28 11:00:00,32.77,1005.2,7.77,283.39
2019-07-28 12:00:00,33.17,1004.4,7.24,296.57
2019-07-28 13:00:00,33.37,1004.0,6.64,310.6
2019-07-28 14:00:00,32.67,1004.2,5.4,323.13
2019-07-28 15:00:00,31.79,1004.7,3.96,360.0
2019-07-28 16:00:00,29.78,1005.1,2.81,39.81
2019-07-28 17:00:00,30.2,1004.7,3.26,83.66
2019-07-28 18:00:00,29.1,1005.1,4.8,102.99
2019-07-28 19:00:00,28.1,1005.6,5.9,127.57
2019-07-28 20:00:00,27.59,1006.6,6.38,163.61
2019-07-28 21:00:00,27.16,1007.1,9.01,182.29
2019-07-28 22:00:00,26.62,1007.2,10.74,193.57
2019-07-28 23:00:00,25.79,1006.9,10.95,207.41
2019-07-29 00:00:00,25.01,1006.0,9.73,218.99
2019-07-29 01:00:00,24.33,1005.2,9.96,229.4
2019-07-29 02:00:00,23.67,1005.1,9.5,232.7
2019-07-29 03:00:00,23.16,1005.1,9.5,232.7
2019-07-29 04:00:00,22.7,1005.4,9.69,238.67
2019-07-29 05:00:00,22.77,1005.4,10.03,248.96
2019-07-29 06:00:00,23.45,1005.8,10.04,255.47
2019-07-29 07:00:00,25.57,1006.5,8.91,255.96
2019-07-29 08:00:00,27.6,1006.9,7.9,245.77
2019-07-29 09:00:00,28.89,1007.1,6.92,231.34
2019-07-29 10:00:00,29.71,1006.8,5.99,212.74
2019-07-29 11:00:00,29.98,1005.6,6.03,197.35
2019-07-29 12:00:00,30.37,1005.2,7.42,194.04
2019-07-29 13:00:00,30.29,1004.3,6.44,206.57
2019-07-29 14:00:00,30.15,1003.6,5.5,211.61
2019-07-29 15:00:00,29.98,1004.2,5.19,213.69
2019-07-29 16:00:00,28.65,1004.1,4.9,216.03
2019-07-29 17:00:00,29.34,1004.3,5.35,222.27
2019-07-29 18:00:00,28.88,1004.4,4.58,225.0
2019-07-29 19:00:00,27.86,1004.5,4.84,221.99
2019-07-29 20:00:00,27.21,1004.7,5.62,230.19
2019-07-29 21:00:00,26.54,1005.2,6.49,236.31
2019-07-29 22:00:00,25.54,1005.2,7.57,244.65
2019-07-29 23:00:00,24.74,1005.3,9.0,253.74
2019-07-30 00:00:00,26.08,1005.7,7.79,213.69
2019-07-30 01:00:00,25.67,1004.8,8.67,221.63
2019-07-30 02:00:00,25.35,1003.8,9.42,226.55
2019-07-30 03:00:00,24.95,1003.2,10.09,235.18
2019-07-30 04:00:00,24.63,1003.3,10.46,243.43
2019-07-30 05:00:00,24.43,1003.6,10.83,248.55
2019-07-30 06:00:00,24.67,1003.7,11.01,258.69
2019-07-30 07:00:00,27.03,1003.8,11.18,266.31
2019-07-30 08:00:00,28.95,1004.1,12.6,270.0
2019-07-30 09:00:00,30.39,1003.7,12.61,271.64
2019-07-30 10:00:00,31.19,1003.4,11.97,276.91
2019-07-30 11:00:00,30.25,1003.0,11.79,282.34
2019-07-30 12:00:00,30.08,1002.5,12.41,286.86
2019-07-30 13:00:00,30.93,1001.6,13.57,291.8
2019-07-30 14:00:00,29.69,1001.4,14.51,293.39
2019-07-30 15:00:00,29.58,1001.4,14.04,292.62
2019-07-30 16:00:00,28.67,1001.6,13.1,290.92
2019-07-30 17:00:00,29.32,1001.0,12.98,289.44
2019-07-30 18:00:00,28.85,1001.6,12.66,284.83
2019-07-30 19:00:00,28.13,1002.4,7.73,242.24
2019-07-30 20:00:00,27.37,1002.9,9.51,240.52
2019-07-30 21:00:00,26.88,1003.7,10.5,239.04
2019-07-30 22:00:00,26.33,1003.6,10.63,241.7
2019-07-30 23:00:00,25.77,1003.3,12.24,241.93
2019-07-31 00:00:00,25.26,1002.6,13.2,244.13
2019-07-31 01:00:00,24.85,1001.7,13.05,245.56
2019-07-31 02:00:00,24.94,1000.6,12.9,247.01
2019-07-31 03:00:00,25.24,1000.2,12.9,247.01
2019-07-31 04:00:00,25.03,1000.0,11.97,248.84
2019-07-31 05:00:00,24.95,1000.3,11.77,246.57
2019-07-31 06:00:00,24.89,1000.4,11.44,245.85
2019-07-31 07:00:00,26.14,1000.5,10.64,246.04
2019-07-31 08:00:00,27.02,1000.5,10.59,252.18
2019-07-31 09:00:00,27.61,1001.2,9.53,259.11
2019-07-31 10:00:00,27.94,1001.4,10.18,261.87
2019-07-31 11:00:00,28.07,1001.0,11.25,262.65
2019-07-31 12:00:00,28.6,1000.8,13.44,262.3
2019-07-31 13:00:00,28.44,999.9,14.8,265.82
2019-07-31 14:00:00,28.41,998.9,15.48,271.33
2019-07-31 15:00:00,28.29,999.2,16.3,276.34
2019-07-31 16:00:00,28.82,999.3,17.52,279.46
2019-07-31 17:00:00,28.74,999.5,17.23,280.84
2019-07-31 18:00:00,28.05,1000.0,16.87,281.07
2019-07-31 19:00:00,27.24,1001.2,15.54,283.39
2019-07-31 20:00:00,26.31,1001.9,15.19,275.44
2019-07-31 21:00:00,25.79,1002.1,14.76,268.6
2019-07-31 22:00:00,25.35,1002.2,15.16,265.91
2019-07-31 23:00:00,25.16,1002.1,15.91,264.81
2019-08-01 00:00:00,24.98,1001.6,15.94,263.52
2019-08-01 01:00:00,24.86,1001.0,15.33,260.54
2019-08-01 02:00:00,24.51,1000.1,15.04,258.96
2019-08-01 03:00:00,24.33,999.9,15.04,258.96
2019-08-01 04:00:00,24.21,1000.1,15.04,258.96
2019-08-01 05:00:00,24.26,1000.9,14.76,257.32
2019-08-01 06:00:00,24.52,1000.9,14.84,255.96
2019-08-01 07:00:00,27.25,1001.1,15.19,256.29
2019-08-01 08:00:00,28.08,1001.6,16.07,254.41
2019-08-01 09:00:00,30.37,1001.6,17.11,255.38
2019-08-01 10:00:00,29.28,1001.2,17.46,261.7
2019-08-01 11:00:00,29.15,1001.2,17.7,265.33
2019-08-01 12:00:00,29.05,1000.8,19.16,264.61
2019-08-01 13:00:00,30.74,999.5,21.32,265.16
2019-08-01 14:00:00,30.77,999.1,22.35,267.23
2019-08-01 15:00:00,29.58,999.1,20.93,266.05
2019-08-01 16:00:00,30.97,999.2,20.01,261.72
2019-08-01 17:00:00,30.46,999.5,18.78,257.83
2019-08-01 18:00:00,28.5,1000.4,16.62,252.35
2019-08-01 19:00:00,26.56,1000.8,17.17,236.98
2019-08-01 20:00:00,25.52,1001.2,17.21,232.65
2019-08-01 21:00:00,25.11,1002.1,17.5,233.37
2019-08-01 22:00:00,24.6,1002.0,17.79,234.06
2019-08-01 23:00:00,24.28,1001.6,18.5,232.91
2019-08-02 00:00:00,24.02,1001.3,18.72,232.03
2019-08-02 01:00:00,23.72,1000.3,19.01,232.7
2019-08-02 02:00:00,23.49,999.6,19.23,231.84
2019-08-02 03:00:00,23.39,999.4,20.59,233.53
2019-08-02 04:00:00,23.3,999.8,21.87,237.09
2019-08-02 05:00:00,23.21,1000.1,22.29,238.88
2019-08-02 06:00:00,23.56,1000.0,21.92,240.49
2019-08-02 07:00:00,27.05,999.9,21.9,242.59
2019-08-02 08:00:00,29.85,1000.2,25.01,247.13
2019-08-02 09:00:00,31.3,1000.2,28.92,251.11
2019-08-02 10:00:00,32.33,999.8,32.49,254.58
2019-08-02 11:00:00,32.89,999.7,33.89,257.74
2019-08-02 12:00:00,33.17,999.5,34.62,261.03
2019-08-02 13:00:00,33.12,998.6,33.76,262.65
2019-08-02 14:00:00,32.78,997.8,33.09,261.87
2019-08-02 15:00:00,32.17,997.7,31.49,259.46
2019-08-02 16:00:00,31.33,997.9,30.65,257.11
2019-08-02 17:00:00,30.26,998.4,29.62,253.77
2019-08-02 18:00:00,28.87,999.4,27.35,249.18
2019-08-02 19:00:00,26.88,1001.6,19.17,230.33
2019-08-02 20:00:00,25.66,1002.4,18.34,226.59
2019-08-02 21:00:00,25.14,1002.5,17.82,225.0
2019-08-02 22:00:00,24.84,1002.4,18.58,225.78
2019-08-02 23:00:00,24.74,1002.3,18.08,224.19
2019-08-03 00:00:00,24.68,1001.8,17.32,223.32
2019-08-03 01:00:00,24.66,1000.6,17.57,224.17
2019-08-03 02:00:00,24.72,999.5,17.85,228.27
2019-08-03 03:00:00,25.01,999.3,17.94,231.52
2019-08-03 04:00:00,24.61,999.8,18.97,236.61
2019-08-03 05:00:00,24.37,1000.2,19.51,240.12
2019-08-03 06:00:00,24.4,1000.4,20.46,241.63
2019-08-03 07:00:00,27.89,1000.3,22.71,244.65
2019-08-03 08:00:00,30.01,1000.2,26.54,249.35
2019-08-03 09:00:00,31.21,1000.4,29.62,253.77
2019-08-03 10:00:00,32.08,1000.3,33.11,258.08
2019-08-03 11:00:00,32.58,1000.3,34.27,260.93
2019-08-03 12:00:00,32.72,999.9,34.21,261.53
2019-08-03 13:00:00,32.61,999.2,33.09,261.87
2019-08-03 14:00:00,32.33,998.7,32.38,261.69
2019-08-03 15:00:00,31.88,998.2,30.96,261.3
2019-08-03 16:00:00,31.2,998.2,28.11,260.42
2019-08-03 17:00:00,30.18,998.5,24.99,258.37
2019-08-03 18:00:00,28.39,999.2,21.66,254.58
2019-08-03 19:00:00,27.5,1000.3,11.72,227.49
2019-08-03 20:00:00,26.97,1000.7,12.98,223.88
2019-08-03 21:00:00,26.57,1001.1,14.51,223.99
2019-08-03 22:00:00,25.6,1001.5,16.06,227.73
2019-08-03 23:00:00,25.1,1001.4,17.21,232.65
2019-08-04 00:00:00,24.72,1001.2,17.78,238.24
2019-08-04 01:00:00,24.55,1000.4,18.71,239.98
2019-08-04 02:00:00,24.77,999.2,19.34,241.05
2019-08-04 03:00:00,24.86,998.6,17.73,240.83
2019-08-04 04:00:00,24.32,998.8,15.19,238.57
2019-08-04 05:00:00,23.94,999.3,14.48,235.12
2019-08-04 06:00:00,24.17,999.8,13.25,227.2
2019-08-04 07:00:00,27.1,1000.0,13.75,225.0
2019-08-04 08:00:00,29.18,999.9,15.35,230.71
2019-08-04 09:00:00,30.83,1000.0,16.98,237.99
2019-08-04 10:00:00,31.84,999.8,19.39,248.2
2019-08-04 11:00:00,32.56,999.7,20.35,256.7
2019-08-04 12:00:00,33.12,999.4,20.21,265.91
2019-08-04 13:00:00,32.36,999.1,18.01,272.29
2019-08-04 14:00:00,32.54,998.8,17.41,277.13
2019-08-04 15:00:00,32.23,998.4,16.95,282.26
2019-08-04 16:00:00,30.93,998.3,14.49,284.38
2019-08-04 17:00:00,30.64,998.9,12.66,284.83
2019-08-04 18:00:00,28.74,999.7,8.83,281.77
2019-08-04 19:00:00,28.98,1001.8,4.61,218.66
2019-08-04 20:00:00,28.25,1002.2,5.5,211.61
2019-08-04 21:00:00,27.44,1002.2,6.79,212.01
2019-08-04 22:00:00,26.28,1002.4,8.16,221.42
2019-08-04 23:00:00,25.47,1002.7,8.65,225.0
2019-08-05 00:00:00,25.01,1002.5,9.89,236.89
2019-08-05 01:00:00,24.59,1002.0,10.81,240.02
2019-08-05 02:00:00,24.3,1000.8,11.92,244.98
2019-08-05 03:00:00,24.98,1000.5,13.24,247.62
2019-08-05 04:00:00,25.18,1000.6,13.91,248.75
2019-08-05 05:00:00,25.27,1001.5,13.91,248.75
2019-08-05 06:00:00,25.24,1002.2,13.44,249.62
2019-08-05 07:00:00,27.58,1002.1,13.32,251.08
2019-08-05 08:00:00,29.53,1001.8,13.45,254.48
2019-08-05 09:00:00,31.15,1002.1,14.21,261.25
2019-08-05 10:00:00,30.34,1001.9,14.76,270.0
2019-08-05 11:00:00,29.68,1002.4,14.15,277.31
2019-08-05 12:00:00,29.65,1002.1,12.85,281.31
2019-08-05 13:00:00,31.17,1001.1,12.76,286.39
2019-08-05 14:00:00,29.87,1001.0,11.77,293.43
2019-08-05 15:00:00,29.69,1000.6,11.59,295.77
2019-08-05 16:00:00,29.65,1000.6,11.44,294.15
2019-08-05 17:00:00,29.83,1001.2,11.77,293.43
2019-08-05 18:00:00,28.53,1001.9,11.3,292.48
2019-08-05 19:00:00,27.64,1003.9,2.6,236.31
2019-08-05 20:00:00,27.19,1004.4,2.81,230.19
2019-08-05 21:00:00,26.84,1004.6,3.56,225.0
2019-08-05 22:00:00,26.71,1004.8,4.33,221.63
2019-08-05 23:00:00,26.66,1004.8,5.12,219.29
2019-08-06 00:00:00,26.47,1004.8,5.4,216.87
2019-08-06 01:00:00,26.19,1003.7,6.13,220.24
2019-08-06 02:00:00,25.87,1002.8,7.15,229.09
2019-08-06 03:00:00,25.59,1002.2,7.93,230.53
2019-08-06 04:00:00,25.34,1002.5,9.02,241.39
2019-08-06 05:00:00,24.74,1002.9,9.69,248.2
2019-08-06 06:00:00,24.69,1003.6,10.25,251.57
2019-08-06 07:00:00,25.11,1004.1,10.25,251.57
2019-08-06 08:00:00,25.7,1004.1,11.38,251.57
2019-08-06 09:00:00,26.26,1004.3,11.63,248.2
2019-08-06 10:00:00,26.69,1004.4,12.57,246.37
2019-08-06 11:00:00,26.54,1004.1,13.53,244.8
2019-08-06 12:00:00,26.56,1003.8,14.84,247.17
2019-08-06 13:00:00,26.71,1002.9,16.28,251.97
2019-08-06 14:00:00,27.26,1002.3,16.1,259.7
2019-08-06 15:00:00,28.49,1001.5,15.16,265.91
2019-08-06 16:00:00,29.25,1001.3,14.08,274.4
2019-08-06 17:00:00,29.33,1001.3,12.57,283.24
2019-08-06 18:00:00,28.1,1002.1,11.3,292.48
2019-08-06 19:00:00,28.09,1004.3,6.7,323.75
2019-08-06 20:00:00,27.7,1003.9,6.49,303.69
2019-08-06 21:00:00,27.27,1004.3,6.73,285.52
2019-08-06 22:00:00,27.01,1004.5,6.88,276.01
2019-08-06 23:00:00,26.66,1004.4,6.52,276.34
2019-08-07 00:00:00,26.36,1004.1,6.16,276.71
2019-08-07 01:00:00,26.02,1003.4,6.84,270.0
2019-08-07 02:00:00,25.68,1002.3,7.57,272.73
2019-08-07 03:00:00,25.42,1001.9,7.77,283.39
2019-08-07 04:00:00,25.27,1001.8,7.86,285.95
2019-08-07 05:00:00,25.1,1002.5,8.37,295.46
2019-08-07 06:00:00,25.45,1002.8,7.75,291.8
2019-08-07 07:00:00,26.75,1003.0,8.23,293.2
2019-08-07 08:00:00,29.03,1002.6,9.23,290.56
2019-08-07 09:00:00,29.78,1002.3,9.9,289.09
2019-08-07 10:00:00,28.78,1002.5,10.54,277.85
2019-08-07 11:00:00,28.78,1002.4,10.5,275.91
2019-08-07 12:00:00,29.14,1001.7,9.47,278.75
2019-08-07 13:00:00,29.42,1001.3,9.0,286.26
2019-08-07 14:00:00,29.37,1000.7,8.7,294.44
2019-08-07 15:00:00,30.83,999.8,8.59,303.02
2019-08-07 16:00:00,30.88,999.6,8.79,304.99
2019-08-07 17:00:00,30.46,999.6,8.5,306.38
2019-08-07 18:00:00,29.36,1000.3,6.92,308.66
2019-08-07 19:00:00,28.94,1000.7,3.6,323.13
2019-08-07 20:00:00,28.26,1001.0,5.4,180.0
2019-08-07 21:00:00,27.64,1001.5,5.59,194.93
2019-08-07 22:00:00,27.2,1002.4,6.79,212.01
2019-08-07 23:00:00,26.76,1003.3,8.4,226.74
2019-08-08 00:00:00,25.7,1002.7,9.69,238.67
2019-08-08 01:00:00,25.08,1001.5,10.95,242.59
2019-08-08 02:00:00,24.46,1000.5,11.61,240.26
2019-08-08 03:00:00,23.9,999.7,11.49,237.8
2019-08-08 04:00:00,23.47,999.7,10.38,236.31
2019-08-08 05:00:00,23.14,999.7,10.19,237.99
2019-08-08 06:00:00,23.6,999.8,9.66,243.43
2019-08-08 07:00:00,27.1,1000.5,7.97,251.57
2019-08-08 08:00:00,30.17,1001.1,8.35,262.57
2019-08-08 09:00:00,31.57,1001.3,6.49,250.56
2019-08-08 10:00:00,32.5,1000.9,5.99,237.26
2019-08-08 11:00:00,31.03,1001.6,5.5,211.61
2019-08-08 12:00:00,30.96,1001.1,5.15,204.78
2019-08-08 13:00:00,32.17,999.7,5.94,194.04
2019-08-08 14:00:00,32.29,999.3,5.15,192.09
2019-08-08 15:00:00,32.49,998.8,3.32,192.53
2019-08-08 16:00:00,32.86,998.5,1.61,153.43
2019-08-08 17:00:00,32.42,998.5,3.42,108.43
2019-08-08 18:00:00,30.88,999.4,5.59,104.93
2019-08-08 19:00:00,29.65,1000.6,7.09,113.96
2019-08-08 20:00:00,28.67,1001.2,10.31,155.22
2019-08-08 21:00:00,28.05,1002.2,10.59,170.22
2019-08-08 22:00:00,27.31,1002.0,9.42,186.58
2019-08-08 23:00:00,26.26,1002.7,9.02,208.61
2019-08-09 00:00:00,25.53,1001.5,8.71,218.29
2019-08-09 01:00:00,25.06,1001.1,9.42,226.55
2019-08-09 02:00:00,24.48,1000.7,10.5,239.04
2019-08-09 03:00:00,23.95,1000.1,10.79,244.29
2019-08-09 04:00:00,23.53,999.9,11.17,249.23
2019-08-09 05:00:00,23.29,999.9,10.7,250.35
2019-08-09 06:00:00,23.75,1000.3,9.9,250.91
2019-08-09 07:00:00,27.24,1000.6,8.65,253.07
2019-08-09 08:00:00,30.31,1000.9,9.01,267.71
2019-08-09 09:00:00,31.69,1001.1,9.0,270.0
2019-08-09 10:00:00,31.44,1001.4,8.29,267.51
2019-08-09 11:00:00,30.53,1001.9,7.24,264.29
2019-08-09 12:00:00,29.9,1001.5,6.99,258.11
2019-08-09 13:00:00,31.55,1000.5,6.15,249.44
2019-08-09 14:00:00,32.02,999.7,6.12,241.93
2019-08-09 15:00:00,32.21,999.4,4.69,237.53
2019-08-09 16:00:00,32.07,999.8,2.81,219.81
2019-08-09 17:00:00,31.5,1000.3,2.16,180.0
2019-08-09 18:00:00,29.88,1001.1,3.55,156.04
2019-08-09 19:00:00,28.86,1001.5,4.9,162.9
2019-08-09 20:00:00,28.21,1001.7,10.93,162.76
2019-08-09 21:00:00,27.84,1002.4,11.17,178.15
2019-08-09 22:00:00,27.51,1002.8,11.25,187.35
2019-08-09 23:00:00,27.14,1003.6,11.17,200.77
2019-08-10 00:00:00,26.48,1003.0,11.53,218.66
2019-08-10 01:00:00,25.9,1002.1,11.02,231.63
2019-08-10 02:00:00,25.65,1001.4,10.69,237.38
2019-08-10 03:00:00,25.45,1000.7,10.69,237.38
2019-08-10 04:00:00,25.37,1000.4,10.19,237.99
2019-08-10 05:00:00,25.32,1000.6,8.71,240.26
2019-08-10 06:00:00,25.61,1001.2,8.4,239.04
2019-08-10 07:00:00,28.44,1001.6,7.57,244.65
2019-08-10 08:00:00,30.25,1001.7,11.63,248.2
2019-08-10 09:00:00,31.51,1001.5,9.23,249.44
2019-08-10 10:00:00,32.28,1001.8,6.76,244.8
2019-08-10 11:00:00,31.79,1001.8,5.59,255.07
2019-08-10 12:00:00,30.72,1001.5,5.01,248.96
2019-08-10 13:00:00,30.18,1001.4,5.19,236.31
2019-08-10 14:00:00,31.49,1000.8,3.89,236.31
2019-08-10 15:00:00,31.11,1000.9,3.6,216.87
2019-08-10 16:00:00,29.39,1000.8,1.8,180.0
2019-08-10 17:00:00,29.91,1001.3,2.9,150.26
2019-08-10 18:00:00,29.6,1002.3,4.83,153.43
2019-08-10 19:00:00,28.72,1003.1,5.96,154.98
2019-08-10 20:00:00,27.72,1003.0,7.9,239.93
2019-08-10 21:00:00,26.93,1003.6,8.79,235.01
2019-08-10 22:00:00,26.37,1004.3,9.67,225.0
2019-08-10 23:00:00,25.95,1004.9,10.46,220.82
2019-08-11 00:00:00,25.63,1003.8,11.46,223.73
2019-08-11 01:00:00,25.28,1002.7,10.95,226.33
2019-08-11 02:00:00,24.44,1002.0,8.67,221.63
2019-08-11 03:00:00,25.03,1001.9,8.94,220.1
2019-08-11 04:00:00,25.09,1002.4,8.5,216.38
2019-08-11 05:00:00,25.33,1003.0,8.29,214.38
2019-08-11 06:00:00,25.52,1003.9,7.9,210.07
2019-08-11 07:00:00,28.06,1004.2,7.57,205.35
2019-08-11 08:00:00,29.87,1003.9,10.95,223.67
2019-08-11 09:00:00,31.3,1004.1,9.83,208.44
2019-08-11 10:00:00,32.54,1003.8,8.37,205.46
2019-08-11 11:00:00,32.21,1003.1,7.9,204.23
2019-08-11 12:00:00,30.57,1003.1,4.74,188.75
2019-08-11 13:00:00,32.12,1001.9,4.45,165.96
2019-08-11 14:00:00,31.57,1001.1,5.35,160.35
2019-08-11 15:00:00,30.59,1001.7,4.83,153.43
2019-08-11 16:00:00,30.4,1002.3,4.07,135.0
2019-08-11 17:00:00,30.73,1002.8,2.9,119.74
2019-08-11 18:00:00,29.23,1003.7,0.36,180.0
2019-08-11 19:00:00,28.65,1004.3,2.6,236.31
2019-08-11 20:00:00,28.22,1004.1,1.3,146.31
2019-08-11 21:00:00,27.48,1004.1,4.68,202.62
2019-08-11 22:00:00,26.41,1004.7,7.93,230.53
2019-08-11 23:00:00,25.31,1004.9,10.63,241.7
2019-08-12 00:00:00,24.39,1004.4,12.9,247.01
2019-08-12 01:00:00,23.81,1003.4,13.91,248.75
2019-08-12 02:00:00,23.47,1003.0,14.51,246.61
2019-08-12 03:00:00,23.28,1002.8,14.01,244.09
2019-08-12 04:00:00,23.17,1003.3,12.4,244.18
2019-08-12 05:00:00,23.11,1004.3,10.5,247.83
2019-08-12 06:00:00,23.61,1004.7,8.85,243.43
2019-08-12 07:00:00,27.04,1005.4,6.92,231.34
2019-08-12 08:00:00,29.95,1005.3,8.23,246.8
2019-08-12 09:00:00,30.71,1005.4,7.15,229.09
2019-08-12 10:00:00,30.96,1005.6,6.92,207.9
2019-08-12 11:00:00,30.97,1005.5,7.42,202.83
2019-08-12 12:00:00,32.05,1004.4,7.9,204.23
2019-08-12 13:00:00,33.42,1003.2,8.59,213.02
2019-08-12 14:00:00,34.07,1002.1,7.9,223.15
2019-08-12 15:00:00,31.8,1002.2,6.13,229.76
2019-08-12 16:00:00,32.83,1002.9,3.71,209.05
2019-08-12 17:00:00,32.85,1003.1,2.55,171.87
2019-08-12 18:00:00,31.43,1003.6,4.39,124.99
2019-08-12 19:00:00,30.38,1004.0,6.13,139.76
2019-08-12 20:00:00,29.06,1004.8,9.75,184.24
2019-08-12 21:00:00,27.96,1004.9,10.59,189.78
2019-08-12 22:00:00,26.72,1005.9,11.53,194.47
2019-08-12 23:00:00,25.59,1005.9,11.92,205.02
2019-08-13 00:00:00,24.98,1004.3,12.6,216.87
2019-08-13 01:00:00,24.47,1003.5,12.48,223.83
2019-08-13 02:00:00,24.03,1002.8,11.75,229.97
2019-08-13 03:00:00,24.24,1002.5,10.51,231.95
2019-08-13 04:00:00,25.46,1003.2,10.09,235.18
2019-08-13 05:00:00,25.15,1004.3,10.38,236.31
2019-08-13 06:00:00,24.88,1005.0,11.3,232.77
2019-08-13 07:00:00,26.2,1005.4,11.53,231.34
2019-08-13 08:00:00,28.72,1005.8,14.35,252.47
2019-08-13 09:00:00,30.65,1005.2,14.58,249.78
2019-08-13 10:00:00,32.4,1005.3,13.55,253.01
2019-08-13 11:00:00,33.71,1005.0,13.98,258.11
2019-08-13 12:00:00,31.91,1004.1,11.97,263.09
2019-08-13 13:00:00,33.74,1003.3,10.24,259.88
2019-08-13 14:00:00,32.42,1002.8,7.57,244.65
2019-08-13 15:00:00,33.99,1002.3,6.7,233.75
2019-08-13 16:00:00,33.76,1002.8,5.6,225.0
2019-08-13 17:00:00,32.87,1003.2,3.88,201.8
2019-08-13 18:00:00,31.3,1003.9,4.55,161.57
2019-08-13 19:00:00,30.25,1004.3,7.07,165.26
2019-08-13 20:00:00,29.31,1004.7,8.67,175.24
2019-08-13 21:00:00,28.34,1004.9,9.72,180.0
2019-08-13 22:00:00,27.62,1005.0,9.75,184.24
2019-08-13 23:00:00,27.14,1005.3,9.69,195.07
2019-08-27 00:00:00,26.11,1004.7,7.86,195.95
2019-08-27 01:00:00,25.51,1004.2,7.73,207.76
2019-08-27 02:00:00,24.88,1002.8,6.61,209.36
2019-08-27 03:00:00,24.46,1003.7,4.69,184.4
2019-08-27 04:00:00,24.61,1004.0,6.73,164.48
2019-08-27 05:00:00,24.39,1004.6,8.43,160.02
2019-08-27 06:00:00,24.92,1005.0,10.03,158.96
2019-08-27 07:00:00,26.19,1005.2,10.14,163.5
2019-08-27 08:00:00,28.59,1005.3,9.35,164.36
2019-08-27 09:00:00,29.76,1005.4,7.64,171.87
2019-08-27 10:00:00,30.65,1004.9,7.24,174.29
2019-08-27 11:00:00,30.38,1005.1,5.69,161.57
2019-08-27 12:00:00,29.04,1005.2,5.48,156.8
2019-08-27 13:00:00,29.45,1004.5,5.48,156.8
2019-08-27 14:00:00,29.55,1004.3,4.02,169.7
2019-08-27 15:00:00,29.51,1003.9,3.6,180.0
2019-08-27 16:00:00,28.23,1004.0,2.19,189.46
2019-08-27 17:00:00,28.88,1003.6,1.08,180.0
2019-08-27 18:00:00,27.66,1004.3,0.72,180.0
2019-08-27 19:00:00,27.25,1006.0,7.17,72.47
2019-08-27 20:00:00,26.68,1006.7,5.51,78.69
2019-08-27 21:00:00,26.28,1007.3,5.51,78.69
2019-08-27 22:00:00,25.99,1008.0,5.69,71.57
2019-08-27 23:00:00,25.73,1007.7,5.63,63.43
2019-08-28 00:00:00,25.47,1007.2,5.35,70.35
2019-08-28 01:00:00,25.24,1006.6,5.69,71.57
2019-08-28 02:00:00,25.06,1006.2,5.09,81.87
2019-08-28 03:00:00,25.17,1006.5,3.96,90.0
2019-08-28 04:00:00,25.31,1007.0,2.55,98.13
2019-08-28 05:00:00,25.38,1007.4,1.08,90.0
2019-08-28 06:00:00,25.54,1007.4,0.36,360.0
2019-08-28 07:00:00,25.95,1007.5,1.44,360.0
2019-08-28 08:00:00,26.34,1007.9,1.8,360.0
2019-08-28 09:00:00,26.69,1008.1,2.52,360.0
2019-08-28 10:00:00,27.24,1008.1,3.6,360.0
2019-08-28 11:00:00,27.36,1007.9,4.74,351.25
2019-08-28 12:00:00,27.42,1007.3,5.45,352.41
2019-08-28 13:00:00,27.5,1006.4,6.84,360.0
2019-08-28 14:00:00,27.02,1006.2,7.95,5.19
2019-08-28 15:00:00,26.81,1005.9,8.71,7.13
2019-08-28 16:00:00,26.61,1006.1,8.83,11.77
2019-08-28 17:00:00,26.37,1006.3,8.28,360.0
2019-08-28 18:00:00,25.87,1006.9,7.24,333.43
2019-08-28 19:00:00,25.74,1007.7,4.83,296.57
2019-08-28 20:00:00,25.27,1007.8,7.28,278.53
2019-08-28 21:00:00,24.97,1007.9,9.47,278.75
2019-08-28 22:00:00,24.81,1007.6,10.83,285.42
2019-08-28 23:00:00,24.65,1007.2,12.3,290.56
2019-08-29 00:00:00,24.57,1006.3,13.85,294.57
2019-08-29 01:00:00,24.39,1005.6,15.14,295.35
2019-08-29 02:00:00,24.23,1004.3,16.98,291.12
2019-08-29 03:00:00,24.09,1003.9,18.33,289.5
2019-08-29 04:00:00,23.94,1003.8,18.67,289.13
2019-08-29 05:00:00,23.76,1004.4,18.12,290.96
2019-08-29 06:00:00,23.91,1004.6,18.39,293.05
2019-08-29 07:00:00,25.98,1004.8,18.85,298.52
2019-08-29 08:00:00,27.64,1004.8,19.51,307.5
2019-08-29 09:00:00,28.34,1004.6,19.88,312.06
2019-08-29 10:00:00,29.24,1004.0,20.15,311.38
2019-08-29 11:00:00,29.87,1003.4,20.47,309.29
2019-08-29 12:00:00,30.12,1002.6,20.59,306.47
2019-08-29 13:00:00,30.57,1001.6,19.67,304.56
2019-08-29 14:00:00,30.8,1000.8,18.28,302.12
2019-08-29 15:00:00,30.8,1000.5,15.63,298.93
2019-08-29 16:00:00,30.55,1000.6,14.17,297.22
2019-08-29 17:00:00,30.26,1000.3,12.57,293.63
2019-08-29 18:00:00,28.82,1000.9,10.48,285.95
2019-08-29 19:00:00,22.57,997.8,21.67,212.11
2019-08-29 20:00:00,22.59,997.7,19.59,200.43
2019-08-29 21:00:00,22.77,998.4,18.78,192.17
2019-08-29 22:00:00,22.94,998.8,17.11,188.47
2019-08-29 23:00:00,22.96,998.7,16.81,189.87
2019-08-30 00:00:00,22.97,998.5,15.68,189.25
2019-08-30 01:00:00,22.96,998.1,14.97,189.69
2019-08-30 02:00:00,22.75,997.1,16.34,187.59
2019-08-30 03:00:00,22.71,997.3,16.62,184.97
2019-08-30 04:00:00,22.57,997.5,16.92,180.0
2019-08-30 05:00:00,22.54,998.0,18.58,171.09
2019-08-30 06:00:00,22.62,998.4,19.59,162.9
2019-08-30 07:00:00,23.16,998.6,20.19,158.01
2019-08-30 08:00:00,24.79,998.7,20.47,156.14
2019-08-30 09:00:00,27.04,998.7,20.47,156.14
2019-08-30 10:00:00,29.59,998.4,19.13,160.2
2019-08-30 11:00:00,30.23,998.2,17.38,166.83
2019-08-30 12:00:00,30.93,997.8,16.98,175.14
2019-08-30 13:00:00,31.71,996.6,16.92,180.0
2019-08-30 14:00:00,32.25,996.2,15.86,182.6
2019-08-30 15:00:00,32.21,996.0,15.16,184.09
2019-08-30 16:00:00,31.62,996.4,14.42,182.86
2019-08-30 17:00:00,30.57,997.0,13.68,180.0
2019-08-30 18:00:00,28.62,998.2,13.7,176.99
2019-08-30 19:00:00,28.02,1002.4,8.71,141.71
2019-08-30 20:00:00,27.6,1002.8,9.69,148.67
2019-08-30 21:00:00,27.02,1003.5,10.83,158.55
2019-08-30 22:00:00,26.57,1003.8,10.66,168.31
2019-08-30 23:00:00,26.38,1004.2,10.5,174.09
2019-08-31 00:00:00,26.15,1003.9,10.09,182.05
2019-08-31 01:00:00,25.68,1002.9,10.24,190.12
2019-08-31 02:00:00,25.41,1001.4,9.11,189.09
2019-08-31 03:00:00,25.35,1000.9,7.59,185.44
2019-08-31 04:00:00,25.29,1001.1,7.21,182.86
2019-08-31 05:00:00,25.33,1002.3,7.2,180.0
2019-08-31 06:00:00,25.34,1003.2,7.21,182.86
2019-08-31 07:00:00,25.71,1003.6,6.88,186.01
2019-08-31 08:00:00,26.29,1003.7,5.86,190.62
2019-08-31 09:00:00,27.74,1003.7,5.15,204.78
2019-08-31 10:00:00,28.99,1003.7,5.09,225.0
2019-08-31 11:00:00,29.25,1003.9,5.01,248.96
2019-08-31 12:00:00,29.22,1003.8,5.8,262.87
2019-08-31 13:00:00,28.82,1003.1,7.86,254.05
2019-08-31 14:00:00,28.38,1002.6,9.11,251.57
2019-08-31 15:00:00,28.38,1002.6,10.14,253.5
2019-08-31 16:00:00,28.63,1002.4,10.66,258.31
2019-08-31 17:00:00,27.94,1003.0,9.78,263.66
2019-08-31 18:00:00,26.75,1003.7,9.78,263.66
2019-08-31 19:00:00,26.43,1005.3,0.36,360.0
2019-08-31 20:00:00,26.35,1005.7,1.02,225.0
2019-08-31 21:00:00,26.2,1006.2,2.31,231.34
2019-08-31 22:00:00,25.8,1006.3,3.32,229.4
2019-08-31 23:00:00,25.54,1006.4,4.1,232.13
2019-09-01 00:00:00,25.33,1005.9,5.35,227.73
2019-09-01 01:00:00,25.09,1005.1,6.11,225.0
2019-09-01 02:00:00,24.82,1004.0,7.39,226.97
2019-09-01 03:00:00,24.56,1003.4,7.65,228.81
2019-09-01 04:00:00,24.33,1003.3,7.49,234.78
2019-09-01 05:00:00,24.43,1003.9,7.73,242.24
2019-09-01 06:00:00,24.5,1004.6,7.9,245.77
2019-09-01 07:00:00,25.27,1005.3,7.17,252.47
2019-09-01 08:00:00,26.4,1005.6,6.73,254.48
2019-09-01 09:00:00,27.01,1005.4,6.57,260.54
2019-09-01 10:00:00,27.53,1004.9,5.4,270.0
2019-09-01 11:00:00,27.92,1004.8,4.33,274.76
2019-09-01 12:00:00,28.14,1004.4,2.55,278.13
2019-09-01 13:00:00,28.36,1003.8,1.44,270.0
2019-09-01 14:00:00,28.43,1003.1,0.51,225.0
2019-09-01 15:00:00,28.32,1002.9,1.02,135.0
2019-09-01 16:00:00,28.17,1002.6,2.31,128.66
2019-09-01 17:00:00,28.06,1002.8,2.81,129.81
2019-09-01 18:00:00,27.33,1003.4,2.6,146.31
2019-09-01 19:00:00,28.15,1005.0,7.39,313.03
2019-09-01 20:00:00,27.53,1005.0,8.85,296.57
2019-09-01 21:00:00,26.84,1004.7,9.57,289.8
2019-09-01 22:00:00,26.26,1004.5,10.59,279.78
2019-09-01 23:00:00,25.92,1004.5,11.9,273.47
2019-09-02 00:00:00,25.52,1004.1,13.0,274.76
2019-09-02 01:00:00,25.1,1003.5,14.15,277.31
2019-09-02 02:00:00,24.6,1002.2,16.17,281.56
2019-09-02 03:00:00,24.32,1001.1,16.68,283.74
2019-09-02 04:00:00,24.21,1001.1,17.11,284.62
2019-09-02 05:00:00,24.37,1001.4,16.97,287.28
2019-09-02 06:00:00,24.54,1001.7,17.19,289.57
2019-09-02 07:00:00,25.58,1002.1,16.98,291.12
2019-09-02 08:00:00,26.92,1001.8,16.85,289.98
2019-09-02 09:00:00,28.43,1002.0,16.97,287.28
2019-09-02 10:00:00,29.81,1001.8,18.25,284.86
2019-09-02 11:00:00,29.54,1001.2,19.93,286.8
2019-09-02 12:00:00,29.33,1000.5,21.97,288.14
2019-09-02 13:00:00,29.18,1000.0,23.68,289.54
2019-09-02 14:00:00,29.02,999.2,23.26,291.8
2019-09-02 15:00:00,28.78,999.0,22.67,290.45
2019-09-02 16:00:00,28.07,998.7,21.63,288.43
2019-09-02 17:00:00,27.38,998.6,21.57,284.5
2019-09-02 18:00:00,26.76,999.1,19.91,282.53
2019-09-02 19:00:00,27.41,1000.3,7.9,204.23
2019-09-02 20:00:00,27.14,1000.4,10.24,190.12
2019-09-02 21:00:00,26.67,1000.3,12.61,178.36
2019-09-02 22:00:00,26.32,999.7,13.56,169.29
2019-09-02 23:00:00,26.1,999.3,13.78,160.14
2019-09-03 00:00:00,26.01,998.8,13.68,153.43
2019-09-03 01:00:00,25.9,998.1,13.09,148.5
2019-09-03 02:00:00,25.78,997.1,11.81,142.43
2019-09-03 03:00:00,25.49,996.8,10.23,140.71
2019-09-03 04:00:00,25.41,996.9,8.4,136.74
2019-09-03 05:00:00,25.31,997.4,7.42,129.09
2019-09-03 06:00:00,25.33,997.6,6.44,116.57
2019-09-03 07:00:00,25.54,997.9,5.86,100.62
2019-09-03 08:00:00,26.19,998.2,6.13,93.37
2019-09-03 09:00:00,26.79,998.7,5.86,79.38
2019-09-03 10:00:00,27.06,998.5,5.99,57.26
2019-09-03 11:00:00,27.03,998.4,7.7,37.41
2019-09-03 12:00:00,26.97,998.4,9.51,29.48
2019-09-03 13:00:00,26.86,998.2,10.64,23.96
2019-09-03 14:00:00,26.6,997.6,10.64,23.96
2019-09-03 15:00:00,26.49,997.7,9.98,25.64
2019-09-03 16:00:00,26.54,997.6,9.03,23.5
2019-09-03 17:00:00,26.24,997.9,8.43,19.98
2019-09-03 18:00:00,25.98,998.7,7.17,17.53
2019-09-03 19:00:00,25.75,1000.0,4.1,285.26
2019-09-03 20:00:00,25.64,1000.4,4.33,265.24
2019-09-03 21:00:00,25.5,1000.4,5.19,236.31
2019-09-03 22:00:00,25.38,1000.3,6.88,227.12
2019-09-03 23:00:00,25.31,1000.6,7.65,221.19
2019-09-04 00:00:00,25.12,999.7,7.9,210.07
2019-09-04 01:00:00,24.67,998.7,7.97,198.43
2019-09-04 02:00:00,23.62,997.7,8.91,194.04
2019-09-04 03:00:00,23.18,997.7,9.61,192.99
2019-09-04 04:00:00,22.81,997.8,9.69,195.07
2019-09-04 05:00:00,22.6,998.3,9.61,192.99
2019-09-04 06:00:00,23.1,998.5,10.04,194.53
2019-09-04 07:00:00,26.12,998.6,10.04,194.53
2019-09-04 08:00:00,28.45,999.1,10.5,202.17
2019-09-04 09:00:00,30.06,999.2,12.54,219.17
2019-09-04 10:00:00,30.97,998.8,14.84,230.91
2019-09-04 11:00:00,30.06,998.8,14.97,242.82
2019-09-04 12:00:00,28.98,998.4,13.36,255.96
2019-09-04 13:00:00,28.02,997.9,12.61,268.36
2019-09-04 14:00:00,27.33,997.7,12.73,278.13
2019-09-04 15:00:00,27.15,997.9,12.92,282.88
2019-09-04 16:00:00,27.25,998.4,13.36,284.04
2019-09-04 17:00:00,27.05,998.8,13.71,283.67
2019-09-04 18:00:00,26.41,999.7,13.71,283.67
2019-09-04 19:00:00,27.35,1000.8,8.64,270.0
2019-09-04 20:00:00,27.07,1001.7,9.39,265.6
2019-09-04 21:00:00,26.59,1001.9,9.96,257.47
2019-09-04 22:00:00,26.12,1002.0,10.25,251.57
2019-09-04 23:00:00,25.58,1002.5,10.16,247.07
2019-09-05 00:00:00,24.81,1002.2,11.12,240.95
2019-09-05 01:00:00,24.31,1001.3,11.38,235.3
2019-09-05 02:00:00,24.03,1000.7,10.97,228.99
2019-09-05 03:00:00,23.95,1000.1,10.44,223.6
2019-09-05 04:00:00,24.05,1000.1,9.73,218.99
2019-09-05 05:00:00,24.2,1000.9,8.71,218.29
2019-09-05 06:00:00,24.33,1001.3,7.9,226.85
2019-09-05 07:00:00,24.81,1001.6,7.9,239.93
2019-09-05 08:00:00,26.15,1001.7,10.64,246.04
2019-09-05 09:00:00,27.16,1002.7,10.16,247.07
2019-09-05 10:00:00,28.17,1002.6,8.09,237.72
2019-09-05 11:00:00,30.34,1002.8,7.39,226.97
2019-09-05 12:00:00,31.87,1001.8,7.99,215.84
2019-09-05 13:00:00,32.47,1001.3,8.15,225.0
2019-09-05 14:00:00,32.22,1000.7,7.24,243.43
2019-09-05 15:00:00,30.53,1000.3,7.99,262.23
2019-09-05 16:00:00,29.97,1000.6,8.67,274.76
2019-09-05 17:00:00,30.33,1000.8,8.56,292.25
2019-09-05 18:00:00,28.65,1001.5,9.09,303.69
2019-09-05 19:00:00,27.95,1001.7,9.69,301.33
2019-09-05 20:00:00,27.06,1002.6,17.32,290.7
2019-09-05 21:00:00,25.99,1003.4,15.04,281.04
2019-09-05 22:00:00,24.78,1004.1,13.32,271.55
2019-09-05 23:00:00,23.67,1004.3,12.73,261.87
2019-09-06 00:00:00,23.14,1003.5,13.71,256.33
2019-09-06 01:00:00,22.79,1003.0,13.36,255.96
2019-09-06 02:00:00,22.58,1002.9,13.56,259.29
2019-09-06 03:00:00,22.6,1002.4,14.11,264.14
2019-09-06 04:00:00,23.29,1002.9,13.32,268.45
2019-09-06 05:00:00,24.16,1003.2,12.25,268.32
2019-09-06 06:00:00,24.51,1003.3,11.54,266.42
2019-09-06 07:00:00,25.28,1003.7,11.52,270.0
2019-09-06 08:00:00,27.35,1004.4,12.22,256.37
2019-09-06 09:00:00,29.0,1004.4,11.38,251.57
2019-09-06 10:00:00,30.45,1004.0,9.35,254.36
2019-09-06 11:00:00,30.53,1003.8,8.29,267.51
2019-09-06 12:00:00,29.75,1003.5,8.31,265.03
2019-09-06 13:00:00,29.39,1003.2,8.56,255.38
2019-09-06 14:00:00,28.94,1002.4,9.11,251.57
2019-09-06 15:00:00,28.51,1002.6,8.71,240.26
2019-09-06 16:00:00,28.11,1003.2,9.22,231.34
2019-09-06 17:00:00,27.96,1003.5,9.5,232.7
2019-09-06 18:00:00,27.66,1003.9,9.73,231.01
2019-09-06 19:00:00,26.95,1004.5,9.45,229.64
2019-09-06 20:00:00,27.01,1005.1,5.4,233.13
2019-09-06 21:00:00,26.4,1005.8,7.93,219.47
2019-09-06 22:00:00,25.42,1005.9,9.22,218.66
2019-09-06 23:00:00,24.2,1005.7,9.18,221.82
2019-09-07 00:00:00,23.48,1004.8,9.96,220.6
2019-09-07 01:00:00,22.9,1004.5,10.74,219.56
2019-09-07 02:00:00,22.38,1004.2,10.95,223.67
2019-09-07 03:00:00,21.98,1004.3,11.48,228.81
2019-09-07 04:00:00,21.73,1004.7,12.03,231.07
2019-09-07 05:00:00,21.68,1005.0,12.39,234.46
2019-09-07 06:00:00,22.02,1005.3,11.92,241.11
2019-09-07 07:00:00,25.24,1005.4,10.63,241.7
2019-09-07 08:00:00,28.29,1005.6,9.75,265.76
2019-09-07 09:00:00,30.08,1006.0,9.01,267.71
2019-09-07 10:00:00,31.55,1005.7,6.13,266.63
2019-09-07 11:00:00,31.19,1004.6,5.45,277.59
2019-09-07 12:00:00,29.89,1004.3,3.22,296.57
2019-09-07 13:00:00,29.78,1003.5,1.3,303.69
2019-09-07 14:00:00,31.22,1003.6,0.8,116.57
2019-09-07 15:00:00,30.07,1004.0,2.41,153.43
2019-09-07 16:00:00,29.12,1004.7,3.71,150.95
2019-09-07 17:00:00,29.66,1004.7,3.71,150.95
2019-09-07 18:00:00,28.79,1004.9,3.83,138.81
2019-09-07 19:00:00,28.21,1005.1,4.68,157.38
2019-09-07 20:00:00,27.53,1006.0,9.75,175.76
2019-09-07 21:00:00,27.08,1006.8,10.46,176.05
2019-09-07 22:00:00,26.54,1006.7,10.8,180.0
2019-09-07 23:00:00,25.99,1006.8,10.31,192.09
2019-09-08 00:00:00,25.47,1006.3,9.57,199.8
2019-09-08 01:00:00,24.79,1005.4,9.51,209.48
2019-09-08 02:00:00,24.34,1005.2,9.42,223.45
2019-09-08 03:00:00,23.87,1005.1,8.94,220.1
2019-09-08 04:00:00,23.47,1005.6,8.44,219.81
2019-09-08 05:00:00,23.3,1006.2,8.65,225.0
2019-09-08 06:00:00,23.83,1006.4,9.59,235.71
2019-09-08 07:00:00,26.93,1006.3,8.4,239.04
2019-09-08 08:00:00,29.75,1006.7,9.83,246.25
2019-09-08 09:00:00,31.13,1006.9,10.39,255.96
2019-09-08 10:00:00,31.73,1006.1,9.39,265.6
2019-09-08 11:00:00,32.98,1005.4,8.65,267.61
2019-09-08 12:00:00,33.44,1003.9,5.15,245.22
2019-09-08 13:00:00,32.55,1003.5,4.83,206.57
2019-09-08 14:00:00,32.46,1003.3,4.32,180.0
2019-09-08 15:00:00,31.94,1004.1,5.15,155.22
2019-09-08 16:00:00,32.16,1003.7,5.5,148.39
2019-09-08 17:00:00,31.52,1004.5,6.64,139.4
2019-09-08 18:00:00,29.71,1004.9,8.16,138.58
2019-09-08 19:00:00,28.8,1005.7,9.83,151.56
2019-09-08 20:00:00,27.91,1005.9,11.09,166.87
2019-09-08 21:00:00,27.22,1006.0,10.81,178.09
2019-09-08 22:00:00,26.26,1006.4,10.9,187.59
2019-09-08 23:00:00,25.35,1006.5,10.31,204.78
2019-09-09 00:00:00,24.74,1005.5,11.02,218.37
2019-09-09 01:00:00,24.06,1004.9,11.21,227.6
2019-09-09 02:00:00,23.46,1004.5,10.8,233.13
2019-09-09 03:00:00,23.03,1004.3,11.3,239.35
2019-09-09 04:00:00,22.67,1004.1,11.59,244.23
2019-09-09 05:00:00,22.47,1004.7,10.81,240.02
2019-09-09 06:00:00,22.78,1005.5,9.59,235.71
2019-09-09 07:00:00,26.12,1005.9,8.71,231.71
2019-09-09 08:00:00,29.57,1006.0,11.79,257.66
2019-09-09 09:00:00,31.08,1006.0,11.79,257.66
2019-09-09 10:00:00,32.33,1005.1,10.93,252.76
2019-09-09 11:00:00,33.36,1004.0,9.35,254.36
2019-09-09 12:00:00,33.98,1003.0,4.35,245.56
2019-09-09 13:00:00,34.3,1002.8,0.8,243.43
2019-09-09 14:00:00,32.38,1003.8,1.84,101.31
2019-09-09 15:00:00,31.62,1003.5,3.62,95.71
2019-09-09 16:00:00,32.22,1003.2,5.59,104.93
2019-09-09 17:00:00,31.46,1003.3,7.86,105.95
2019-09-09 18:00:00,29.59,1004.5,11.5,110.14
2019-09-09 19:00:00,28.66,1005.7,12.29,121.83
2019-09-09 20:00:00,27.9,1006.5,10.59,162.18
2019-09-09 21:00:00,27.31,1006.7,11.54,176.42
2019-09-09 22:00:00,26.43,1007.0,12.25,181.68
2019-09-09 23:00:00,25.4,1006.8,11.44,192.72
2019-09-10 00:00:00,24.75,1005.9,10.63,208.3
2019-09-10 01:00:00,24.15,1005.1,12.26,229.76
2019-09-10 02:00:00,23.48,1004.8,11.98,237.26
2019-09-10 03:00:00,23.02,1005.1,10.8,233.13
2019-09-10 04:00:00,22.69,1005.8,9.29,234.46
2019-09-10 05:00:00,22.52,1006.2,8.7,245.56
2019-09-10 06:00:00,22.97,1007.0,8.43,250.02
2019-09-10 07:00:00,26.02,1007.4,6.64,257.47
2019-09-10 08:00:00,29.08,1007.6,12.57,246.37
2019-09-10 09:00:00,30.66,1007.5,11.5,249.86
2019-09-10 10:00:00,32.01,1006.9,9.83,261.57
2019-09-10 11:00:00,33.18,1007.0,8.28,270.0
2019-09-10 12:00:00,33.78,1006.1,7.7,280.78
2019-09-10 13:00:00,33.67,1005.1,6.7,306.25
2019-09-10 14:00:00,32.82,1005.1,6.37,317.29
2019-09-10 15:00:00,32.7,1004.8,5.32,331.7
2019-09-10 16:00:00,30.93,1005.7,5.45,7.59
2019-09-10 17:00:00,30.95,1007.1,10.09,55.18
2019-09-10 18:00:00,28.57,1008.2,15.83,72.8
2019-09-10 19:00:00,27.63,1009.6,18.94,81.25
2019-09-10 20:00:00,27.44,1010.0,4.9,143.97
2019-09-10 21:00:00,26.9,1010.3,6.64,167.47
2019-09-10 22:00:00,26.54,1010.3,7.07,194.74
2019-09-10 23:00:00,25.26,1010.3,8.21,217.87
