,Hai Phong,Hai Phong,Hai Phong,Hai Phong
,Temp,Pressure,WindSpeed,WindDir
DateTime,,,,
2019-07-15 00:00:00,27.94,1001.4,6.73,105.52
2019-07-15 01:00:00,28.34,1001.5,7.75,111.8
2019-07-15 02:00:00,28.17,1001.4,7.99,144.16
2019-07-15 03:00:00,27.88,1001.2,6.64,130.6
2019-07-15 04:00:00,27.49,1000.7,6.03,107.35
2019-07-15 05:00:00,27.05,1000.6,7.77,103.39
2019-07-15 06:00:00,27.9,1000.9,10.16,112.93
2019-07-15 07:00:00,28.61,1001.0,7.99,125.84
2019-07-15 08:00:00,30.4,1001.5,9.22,128.66
2019-07-15 09:00:00,31.39,1001.7,9.69,131.99
2019-07-15 10:00:00,32.44,1001.9,9.22,141.34
2019-07-15 11:00:00,33.16,1001.5,9.09,146.31
2019-07-15 12:00:00,33.62,1000.9,9.59,145.71
2019-07-15 13:00:00,31.9,1000.6,10.38,146.31
2019-07-15 14:00:00,33.23,999.9,11.92,151.11
2019-07-15 15:00:00,32.89,999.4,12.18,145.84
2019-07-15 16:00:00,32.4,999.2,14.53,138.01
2019-07-15 17:00:00,31.33,999.3,16.55,135.88
2019-07-15 18:00:00,30.09,1000.0,15.82,138.69
2019-07-15 19:00:00,29.4,1000.8,13.78,139.24
2019-07-15 20:00:00,29.17,1001.6,12.74,132.71
2019-07-15 21:00:00,28.95,1002.3,11.72,132.51
2019-07-15 22:00:00,28.74,1003.1,11.97,136.22
2019-07-15 23:00:00,29.13,1003.1,12.6,143.13
2019-07-16 00:00:00,28.43,1002.5,11.09,144.25
2019-07-16 01:00:00,28.17,1002.1,10.7,137.73
2019-07-16 02:00:00,28.15,1001.9,11.71,135.0
2019-07-16 03:00:00,28.29,1001.9,13.55,140.39
2019-07-16 04:00:00,29.01,1002.1,15.0,149.74
2019-07-16 05:00:00,28.89,1001.9,15.81,149.93
2019-07-16 06:00:00,29.01,1002.0,16.18,147.72
2019-07-16 07:00:00,29.43,1002.0,17.1,149.66
2019-07-16 08:00:00,30.51,1002.5,17.39,152.9
2019-07-16 09:00:00,31.8,1002.9,18.68,152.45
2019-07-16 10:00:00,31.66,1003.0,19.16,151.99
2019-07-16 11:00:00,33.22,1002.5,19.51,150.12
2019-07-16 12:00:00,33.46,1001.7,20.38,147.99
2019-07-16 13:00:00,33.38,1001.2,20.77,146.31
2019-07-16 14:00:00,33.07,1000.6,21.1,143.33
2019-07-16 15:00:00,32.68,1000.2,21.17,138.45
2019-07-16 16:00:00,32.0,999.8,21.38,135.0
2019-07-16 17:00:00,31.12,1000.1,21.17,131.55
2019-07-16 18:00:00,30.11,1000.7,19.91,130.6
2019-07-16 19:00:00,29.17,1001.0,15.48,125.54
2019-07-16 20:00:00,28.98,1002.0,14.2,120.47
2019-07-16 21:00:00,28.78,1002.8,13.09,121.5
2019-07-16 22:00:00,28.66,1003.8,13.9,126.57
2019-07-16 23:00:00,28.68,1003.9,13.51,131.76
2019-07-17 00:00:00,29.26,1003.5,13.32,141.58
2019-07-17 01:00:00,28.27,1003.2,11.98,147.26
2019-07-17 02:00:00,27.99,1002.7,11.75,152.65
2019-07-17 03:00:00,27.89,1002.4,11.75,152.65
2019-07-17 04:00:00,27.54,1002.1,10.69,147.38
2019-07-17 05:00:00,27.38,1002.2,10.46,139.18
2019-07-17 06:00:00,28.39,1002.6,11.97,136.22
2019-07-17 07:00:00,29.99,1002.8,16.2,143.13
2019-07-17 08:00:00,30.41,1003.0,16.7,142.88
2019-07-17 09:00:00,30.7,1002.9,17.15,140.96
2019-07-17 10:00:00,31.09,1002.8,18.39,139.76
2019-07-17 11:00:00,32.71,1002.4,19.8,143.13
2019-07-17 12:00:00,32.91,1001.9,20.88,144.12
2019-07-17 13:00:00,32.93,1001.4,21.31,142.55
2019-07-17 14:00:00,32.75,1000.6,21.76,141.04
2019-07-17 15:00:00,32.3,999.7,22.26,140.91
2019-07-17 16:00:00,31.67,999.0,21.67,138.37
2019-07-17 17:00:00,30.86,999.0,20.87,135.0
2019-07-17 18:00:00,29.91,999.8,18.63,131.08
2019-07-17 19:00:00,29.09,1000.4,15.82,138.69
2019-07-17 20:00:00,28.84,1001.2,14.0,133.96
2019-07-17 21:00:00,29.3,1001.9,13.25,132.8
2019-07-17 22:00:00,29.16,1002.5,12.73,135.0
2019-07-17 23:00:00,29.07,1002.6,11.25,140.19
2019-07-18 00:00:00,29.01,1002.2,9.51,150.52
2019-07-18 01:00:00,28.52,1002.1,8.09,159.15
2019-07-18 02:00:00,27.55,1001.7,8.05,169.7
2019-07-18 03:00:00,27.18,1001.2,7.42,165.96
2019-07-18 04:00:00,27.83,1000.7,7.9,155.77
2019-07-18 05:00:00,28.07,1000.7,8.21,142.13
2019-07-18 06:00:00,28.51,1000.9,9.16,135.0
2019-07-18 07:00:00,29.62,1001.1,11.21,137.6
2019-07-18 08:00:00,30.63,1001.6,12.5,138.5
2019-07-18 09:00:00,31.31,1001.8,13.55,140.39
2019-07-18 10:00:00,31.91,1001.6,14.84,140.91
2019-07-18 11:00:00,32.35,1000.9,14.9,142.85
2019-07-18 12:00:00,33.34,1000.0,16.28,144.9
2019-07-18 13:00:00,33.76,999.4,16.68,147.34
2019-07-18 14:00:00,33.75,998.8,15.99,144.16
2019-07-18 15:00:00,33.58,998.3,15.63,141.55
2019-07-18 16:00:00,32.95,998.0,16.06,137.73
2019-07-18 17:00:00,32.0,998.2,16.04,135.91
2019-07-18 18:00:00,30.6,998.9,15.53,135.94
2019-07-18 19:00:00,29.76,999.2,12.31,142.13
2019-07-18 20:00:00,29.43,999.9,11.48,138.81
2019-07-18 21:00:00,29.36,1000.9,10.2,132.14
2019-07-18 22:00:00,29.25,1001.8,8.91,133.36
2019-07-18 23:00:00,29.07,1002.1,7.9,136.85
2019-07-19 00:00:00,28.86,1001.5,7.65,131.19
2019-07-19 01:00:00,28.7,1001.0,7.9,120.07
2019-07-19 02:00:00,28.36,1000.3,8.09,110.85
2019-07-19 03:00:00,28.23,1000.0,9.26,103.5
2019-07-19 04:00:00,28.42,999.9,11.09,103.13
2019-07-19 05:00:00,28.08,1000.1,11.84,109.54
2019-07-19 06:00:00,29.06,1000.6,12.64,109.98
2019-07-19 07:00:00,31.09,1000.9,14.34,128.88
2019-07-19 08:00:00,32.19,1001.1,15.04,137.91
2019-07-19 09:00:00,33.06,1000.9,16.42,142.13
2019-07-19 10:00:00,34.27,1000.6,16.6,139.4
2019-07-19 11:00:00,34.21,1001.0,23.07,124.19
2019-07-19 12:00:00,32.07,1000.8,22.47,125.22
2019-07-19 13:00:00,33.42,1001.0,14.17,117.22
2019-07-19 14:00:00,31.58,1001.2,15.46,117.76
2019-07-19 15:00:00,31.37,1000.6,14.88,122.15
2019-07-19 16:00:00,32.23,1000.1,16.49,121.61
2019-07-19 17:00:00,31.8,1000.2,17.28,125.68
2019-07-19 18:00:00,30.72,1001.0,18.79,126.43
2019-07-19 19:00:00,30.39,1001.1,13.89,121.22
2019-07-19 20:00:00,30.06,1001.7,12.98,123.69
2019-07-19 21:00:00,29.98,1002.5,12.89,125.91
2019-07-19 22:00:00,30.02,1003.2,11.68,123.69
2019-07-19 23:00:00,29.9,1003.3,10.5,120.96
2019-07-20 00:00:00,29.31,1003.0,10.63,118.3
2019-07-20 01:00:00,29.07,1003.0,11.09,125.75
2019-07-20 02:00:00,29.4,1002.7,13.0,138.37
2019-07-20 03:00:00,29.56,1002.3,14.4,143.13
2019-07-20 04:00:00,29.35,1002.0,14.62,142.0
2019-07-20 05:00:00,29.42,1002.0,16.06,137.73
2019-07-20 06:00:00,29.9,1002.6,21.89,135.0
2019-07-20 07:00:00,29.22,1003.1,21.53,141.79
2019-07-20 08:00:00,30.77,1003.5,21.25,153.87
2019-07-20 09:00:00,32.53,1003.6,19.52,157.22
2019-07-20 10:00:00,31.35,1003.9,20.97,129.43
2019-07-20 11:00:00,29.93,1003.9,19.09,134.24
2019-07-20 12:00:00,33.5,1003.1,14.98,144.78
2019-07-20 13:00:00,34.07,1002.6,17.57,135.83
2019-07-20 14:00:00,33.5,1002.1,20.42,130.71
2019-07-20 15:00:00,32.92,1001.7,19.86,133.53
2019-07-20 16:00:00,32.72,1001.7,18.37,124.62
2019-07-20 17:00:00,32.04,1001.8,18.47,123.07
2019-07-20 18:00:00,30.78,1002.0,20.38,122.01
2019-07-20 19:00:00,30.08,1002.3,13.71,119.93
2019-07-20 20:00:00,30.05,1003.0,13.53,115.2
2019-07-20 21:00:00,29.92,1003.5,13.36,117.26
2019-07-20 22:00:00,29.86,1004.1,11.18,123.18
2019-07-20 23:00:00,29.85,1004.1,9.22,128.66
2019-07-21 00:00:00,29.73,1003.9,13.09,121.5
2019-07-21 01:00:00,29.16,1003.6,15.82,131.31
2019-07-21 02:00:00,28.69,1002.9,12.1,126.53
2019-07-21 03:00:00,28.47,1002.5,13.98,124.51
2019-07-21 04:00:00,28.86,1002.5,16.06,160.35
2019-07-21 05:00:00,28.21,1002.5,12.64,160.02
2019-07-21 06:00:00,29.17,1002.7,14.39,148.3
2019-07-21 07:00:00,30.95,1003.0,18.39,156.95
2019-07-21 08:00:00,30.05,1004.2,20.39,159.33
2019-07-21 09:00:00,31.77,1004.3,21.26,151.7
2019-07-21 10:00:00,32.02,1004.5,22.0,158.9
2019-07-21 11:00:00,30.53,1004.3,17.23,153.97
2019-07-21 12:00:00,33.03,1003.4,19.62,137.23
2019-07-21 13:00:00,33.4,1003.1,21.2,139.82
2019-07-21 14:00:00,32.69,1002.5,22.66,134.36
2019-07-21 15:00:00,32.75,1001.7,23.68,134.38
2019-07-21 16:00:00,32.4,1001.4,22.55,128.52
2019-07-21 17:00:00,31.66,1001.3,23.27,124.92
2019-07-21 18:00:00,30.77,1001.6,21.68,125.54
2019-07-21 19:00:00,28.98,1001.6,16.6,130.6
2019-07-21 20:00:00,28.82,1002.4,16.14,128.66
2019-07-21 21:00:00,28.68,1003.4,14.02,131.88
2019-07-21 22:00:00,28.91,1004.2,12.98,136.12
2019-07-21 23:00:00,28.59,1004.3,11.25,140.19
2019-07-22 00:00:00,28.38,1003.6,11.99,138.65
2019-07-22 01:00:00,28.91,1003.1,14.06,140.19
2019-07-22 02:00:00,28.92,1003.2,19.16,154.4
2019-07-22 03:00:00,28.85,1002.7,23.34,153.43
2019-07-22 04:00:00,28.4,1002.4,18.53,150.95
2019-07-22 05:00:00,28.23,1002.1,15.58,146.31
2019-07-22 06:00:00,29.01,1002.3,15.7,143.39
2019-07-22 07:00:00,30.7,1002.5,20.29,152.53
2019-07-22 08:00:00,31.67,1002.9,21.42,155.16
2019-07-22 09:00:00,29.8,1003.8,17.55,154.49
2019-07-22 10:00:00,32.45,1003.9,16.42,164.74
2019-07-22 11:00:00,31.32,1003.3,12.41,150.46
2019-07-22 12:00:00,33.66,1002.1,17.1,149.66
2019-07-22 13:00:00,33.71,1001.3,19.39,148.67
2019-07-22 14:00:00,33.57,1000.7,20.07,147.45
2019-07-22 15:00:00,33.19,1000.3,19.39,148.67
2019-07-22 16:00:00,32.57,1000.2,18.44,141.34
2019-07-22 17:00:00,31.83,1000.7,18.0,126.87
2019-07-22 18:00:00,30.81,1001.8,16.68,122.66
2019-07-22 19:00:00,29.0,1002.2,22.26,129.09
2019-07-22 20:00:00,28.74,1002.9,17.17,123.02
2019-07-22 21:00:00,29.01,1003.5,16.98,122.01
2019-07-22 22:00:00,28.94,1003.7,14.53,131.99
2019-07-22 23:00:00,28.61,1003.6,12.23,132.61
2019-07-23 00:00:00,28.77,1003.2,17.87,124.33
2019-07-23 01:00:00,28.67,1002.9,19.11,132.71
2019-07-23 02:00:00,28.01,1002.3,20.11,135.73
2019-07-23 03:00:00,28.0,1001.9,20.17,145.18
2019-07-23 04:00:00,27.9,1001.5,17.37,145.98
2019-07-23 05:00:00,27.82,1001.6,15.5,149.26
2019-07-23 06:00:00,28.65,1002.0,15.78,152.85
2019-07-23 07:00:00,29.66,1002.3,16.9,153.43
2019-07-23 08:00:00,29.74,1002.6,8.67,184.76
2019-07-23 09:00:00,30.03,1002.4,9.78,186.34
2019-07-23 10:00:00,31.16,1001.5,11.25,172.65
2019-07-23 11:00:00,30.73,1001.0,11.92,154.98
2019-07-23 12:00:00,30.05,1000.9,11.48,131.19
2019-07-23 13:00:00,29.7,1000.8,12.1,120.38
2019-07-23 14:00:00,30.4,1000.4,14.08,122.47
2019-07-23 15:00:00,29.9,1000.2,16.08,124.05
2019-07-23 16:00:00,29.55,1000.3,17.37,124.02
2019-07-23 17:00:00,29.27,1000.8,14.62,128.0
2019-07-23 18:00:00,28.75,1001.3,12.82,128.16
2019-07-23 19:00:00,28.1,1001.8,12.77,139.57
2019-07-23 20:00:00,27.61,1002.2,10.79,115.71
2019-07-23 21:00:00,27.69,1002.5,12.52,108.43
2019-07-23 22:00:00,28.29,1002.2,11.84,109.54
2019-07-23 23:00:00,28.98,1001.7,12.24,118.07
2019-07-24 00:00:00,29.27,1001.4,14.77,136.97
2019-07-24 01:00:00,29.34,1001.3,16.39,160.77
2019-07-24 02:00:00,28.66,1000.9,14.37,157.93
2019-07-24 03:00:00,28.44,1000.6,11.68,146.31
2019-07-24 04:00:00,28.17,1000.6,9.42,136.55
2019-07-24 05:00:00,28.24,1000.9,8.79,124.99
2019-07-24 06:00:00,28.86,1001.5,10.46,116.57
2019-07-24 07:00:00,30.43,1002.1,12.29,121.83
2019-07-24 08:00:00,31.18,1002.8,15.03,106.7
2019-07-24 09:00:00,30.45,1003.3,15.72,110.1
2019-07-24 10:00:00,31.68,1003.2,15.94,108.43
2019-07-24 11:00:00,30.48,1002.8,14.69,107.1
2019-07-24 12:00:00,30.36,1002.6,15.03,106.7
2019-07-24 13:00:00,29.98,1002.5,16.06,109.65
2019-07-24 14:00:00,29.8,1002.5,15.6,108.85
2019-07-24 15:00:00,30.38,1002.2,14.8,108.43
2019-07-24 16:00:00,30.45,1002.1,13.57,111.8
2019-07-24 17:00:00,30.0,1002.3,11.44,114.15
2019-07-24 18:00:00,29.63,1002.7,10.16,112.93
2019-07-24 19:00:00,28.62,1003.2,8.56,112.25
2019-07-24 20:00:00,28.16,1003.8,8.43,109.98
2019-07-24 21:00:00,27.98,1004.4,8.56,104.62
2019-07-24 22:00:00,27.91,1004.6,8.83,101.77
2019-07-24 23:00:00,27.85,1004.7,9.79,107.1
2019-07-25 00:00:00,28.47,1004.6,9.5,114.62
2019-07-25 01:00:00,28.57,1004.5,8.53,117.65
2019-07-25 02:00:00,28.43,1004.4,8.22,118.81
2019-07-25 03:00:00,28.08,1004.3,8.71,119.74
2019-07-25 04:00:00,27.76,1004.3,9.0,126.87
2019-07-25 05:00:00,27.58,1004.3,9.22,128.66
2019-07-25 06:00:00,28.44,1004.7,10.8,126.87
2019-07-25 07:00:00,29.3,1004.9,10.95,133.67
2019-07-25 08:00:00,30.36,1005.5,12.78,99.73
2019-07-25 09:00:00,29.88,1006.0,15.6,108.85
2019-07-25 10:00:00,29.64,1005.9,16.17,106.82
2019-07-25 11:00:00,29.61,1005.4,15.18,112.31
2019-07-25 12:00:00,29.67,1004.6,13.89,121.22
2019-07-25 13:00:00,29.76,1003.9,11.25,129.81
2019-07-25 14:00:00,29.7,1003.6,11.99,138.65
2019-07-25 15:00:00,29.07,1003.6,11.46,136.27
2019-07-25 16:00:00,28.77,1003.5,12.98,133.88
2019-07-25 17:00:00,28.21,1003.5,12.29,121.83
2019-07-25 18:00:00,28.01,1003.7,10.97,113.2
2019-07-25 19:00:00,27.65,1003.8,11.3,112.48
2019-07-25 20:00:00,27.54,1004.6,9.29,125.54
2019-07-25 21:00:00,27.54,1005.3,8.5,126.38
2019-07-25 22:00:00,27.63,1005.8,9.22,128.66
2019-07-25 23:00:00,27.79,1005.2,9.67,135.0
2019-07-26 00:00:00,28.14,1005.3,13.55,129.61
2019-07-26 01:00:00,28.15,1005.3,14.08,147.53
2019-07-26 02:00:00,27.55,1005.0,9.69,158.2
2019-07-26 03:00:00,27.7,1004.8,14.0,133.96
2019-07-26 04:00:00,27.91,1004.5,12.29,148.17
2019-07-26 05:00:00,27.46,1004.2,10.31,155.22
2019-07-26 06:00:00,28.3,1004.2,11.81,142.43
2019-07-26 07:00:00,30.2,1004.1,13.89,148.78
2019-07-26 08:00:00,31.51,1004.8,11.53,104.47
2019-07-26 09:00:00,31.4,1005.5,12.76,106.39
2019-07-26 10:00:00,32.93,1005.4,13.4,120.7
2019-07-26 11:00:00,33.49,1004.6,15.63,118.93
2019-07-26 12:00:00,33.56,1003.9,16.28,125.1
2019-07-26 13:00:00,33.72,1003.2,16.83,131.53
2019-07-26 14:00:00,33.57,1002.4,17.58,137.49
2019-07-26 15:00:00,33.06,1002.2,18.9,139.64
2019-07-26 16:00:00,32.27,1002.0,19.45,141.01
2019-07-26 17:00:00,31.34,1001.9,19.96,140.86
2019-07-26 18:00:00,30.13,1002.1,18.44,141.34
2019-07-26 19:00:00,29.16,1002.1,14.8,138.95
2019-07-26 20:00:00,28.79,1003.1,10.97,131.01
2019-07-26 21:00:00,28.57,1003.8,11.25,129.81
2019-07-26 22:00:00,28.4,1004.3,10.7,137.73
2019-07-26 23:00:00,28.13,1003.9,10.01,142.31
2019-07-27 00:00:00,27.98,1003.6,10.69,135.0
2019-07-27 01:00:00,27.9,1003.2,10.46,130.82
2019-07-27 02:00:00,27.8,1002.8,10.44,133.6
2019-07-27 03:00:00,27.81,1002.6,9.93,136.47
2019-07-27 04:00:00,28.7,1002.3,9.96,130.6
2019-07-27 05:00:00,28.28,1002.2,10.38,123.69
2019-07-27 06:00:00,29.3,1002.5,11.92,115.02
2019-07-27 07:00:00,30.73,1002.8,13.55,129.61
2019-07-27 08:00:00,31.85,1003.8,12.07,107.35
2019-07-27 09:00:00,32.89,1004.3,14.2,120.47
2019-07-27 10:00:00,33.65,1004.2,16.42,127.87
2019-07-27 11:00:00,34.14,1003.7,16.29,135.0
2019-07-27 12:00:00,34.42,1002.7,16.99,143.62
2019-07-27 13:00:00,34.41,1002.1,18.28,147.88
2019-07-27 14:00:00,34.13,1001.5,19.17,145.71
2019-07-27 15:00:00,33.58,1001.3,18.97,146.61
2019-07-27 16:00:00,32.79,1001.1,19.17,145.71
2019-07-27 17:00:00,31.71,1001.1,19.38,144.83
2019-07-27 18:00:00,30.46,1001.6,18.72,142.03
2019-07-27 19:00:00,29.37,1001.8,15.58,139.69
2019-07-27 20:00:00,29.07,1002.7,12.74,132.71
2019-07-27 21:00:00,28.82,1003.3,10.97,138.99
2019-07-27 22:00:00,28.62,1004.2,10.69,135.0
2019-07-27 23:00:00,28.3,1003.9,8.44,140.19
2019-07-28 00:00:00,28.08,1003.6,8.4,136.74
2019-07-28 01:00:00,27.9,1003.5,8.67,138.37
2019-07-28 02:00:00,27.87,1003.4,9.22,141.34
2019-07-28 03:00:00,28.61,1003.5,9.45,139.64
2019-07-28 04:00:00,28.63,1003.4,10.01,142.31
2019-07-28 05:00:00,28.65,1003.5,9.59,145.71
2019-07-28 06:00:00,29.23,1003.9,10.59,144.69
2019-07-28 07:00:00,29.86,1004.3,12.18,145.84
2019-07-28 08:00:00,30.96,1004.7,10.14,106.5
2019-07-28 09:00:00,32.08,1004.9,12.88,116.57
2019-07-28 10:00:00,32.71,1004.3,13.83,128.66
2019-07-28 11:00:00,33.09,1004.1,15.12,128.23
2019-07-28 12:00:00,33.5,1003.4,15.55,132.18
2019-07-28 13:00:00,33.37,1002.9,16.3,133.21
2019-07-28 14:00:00,33.14,1002.3,18.09,137.42
2019-07-28 15:00:00,32.79,1001.8,19.23,141.84
2019-07-28 16:00:00,32.06,1001.5,20.42,139.29
2019-07-28 17:00:00,31.36,1001.7,21.89,135.0
2019-07-28 18:00:00,30.34,1002.1,21.39,133.64
2019-07-28 19:00:00,29.53,1002.2,17.58,132.51
2019-07-28 20:00:00,29.14,1003.3,13.75,135.0
2019-07-28 21:00:00,28.86,1004.2,13.25,132.8
2019-07-28 22:00:00,28.64,1004.6,12.54,129.17
2019-07-28 23:00:00,28.39,1004.4,11.25,129.81
2019-07-29 00:00:00,28.13,1004.2,10.44,133.6
2019-07-29 01:00:00,27.93,1004.0,10.44,133.6
2019-07-29 02:00:00,27.74,1003.8,10.2,137.86
2019-07-29 03:00:00,27.83,1003.6,11.49,147.8
2019-07-29 04:00:00,27.66,1003.5,11.68,146.31
2019-07-29 05:00:00,27.38,1003.5,11.75,139.97
2019-07-29 06:00:00,28.56,1003.9,12.22,135.0
2019-07-29 07:00:00,30.0,1004.4,15.78,145.22
2019-07-29 08:00:00,30.61,1005.3,18.4,149.42
2019-07-29 09:00:00,30.08,1006.3,15.99,144.16
2019-07-29 10:00:00,32.19,1006.3,18.36,138.18
2019-07-29 11:00:00,32.69,1005.7,19.62,137.23
2019-07-29 12:00:00,32.82,1004.9,19.62,132.77
2019-07-29 13:00:00,32.75,1004.1,21.65,132.98
2019-07-29 14:00:00,32.56,1003.3,23.69,133.15
2019-07-29 15:00:00,32.25,1002.9,24.95,133.83
2019-07-29 16:00:00,31.66,1002.5,25.71,134.43
2019-07-29 17:00:00,30.85,1002.2,24.97,132.66
2019-07-29 18:00:00,29.92,1002.7,22.26,129.09
2019-07-29 19:00:00,29.05,1003.2,18.88,124.9
2019-07-29 20:00:00,28.91,1003.9,17.97,122.74
2019-07-29 21:00:00,28.76,1004.6,17.1,120.34
2019-07-29 22:00:00,28.55,1005.3,15.63,118.93
2019-07-29 23:00:00,28.27,1005.4,13.53,118.61
2019-07-30 00:00:00,27.84,1005.4,12.4,115.82
2019-07-30 01:00:00,27.81,1005.2,11.53,128.66
2019-07-30 02:00:00,27.73,1004.9,11.25,129.81
2019-07-30 03:00:00,27.62,1004.5,13.51,131.76
2019-07-30 04:00:00,27.0,1004.2,12.41,119.54
2019-07-30 05:00:00,26.62,1004.1,10.7,109.65
2019-07-30 06:00:00,27.52,1004.4,12.22,103.63
2019-07-30 07:00:00,28.6,1004.7,17.19,109.57
2019-07-30 08:00:00,28.7,1005.4,19.01,114.62
2019-07-30 09:00:00,30.84,1005.5,19.05,112.2
2019-07-30 10:00:00,31.09,1005.4,19.81,114.7
2019-07-30 11:00:00,29.47,1005.0,18.92,111.19
2019-07-30 12:00:00,31.29,1004.1,17.42,108.06
2019-07-30 13:00:00,31.62,1003.4,18.79,106.7
2019-07-30 14:00:00,31.99,1002.6,20.04,107.78
2019-07-30 15:00:00,31.79,1002.1,20.52,105.26
2019-07-30 16:00:00,31.07,1001.9,19.35,108.43
2019-07-30 17:00:00,29.18,1002.1,19.13,109.8
2019-07-30 18:00:00,29.06,1002.9,19.81,114.7
2019-07-30 19:00:00,28.38,1002.8,15.29,116.57
2019-07-30 20:00:00,27.97,1003.6,14.04,112.62
2019-07-30 21:00:00,27.68,1004.5,12.31,105.26
2019-07-30 22:00:00,27.36,1005.3,10.54,97.85
2019-07-30 23:00:00,26.91,1005.1,7.57,92.73
2019-07-31 00:00:00,26.59,1004.4,6.48,90.0
2019-07-31 01:00:00,27.07,1004.1,5.77,86.42
2019-07-31 02:00:00,26.99,1003.7,4.02,79.7
2019-07-31 03:00:00,26.9,1003.4,3.71,60.95
2019-07-31 04:00:00,26.68,1003.3,3.22,26.57
2019-07-31 05:00:00,26.29,1003.3,2.55,8.13
2019-07-31 06:00:00,26.43,1003.3,4.68,337.38
2019-07-31 07:00:00,27.98,1003.3,8.83,11.77
2019-07-31 08:00:00,28.65,1003.7,12.78,32.35
2019-07-31 09:00:00,29.1,1004.0,12.18,34.16
2019-07-31 10:00:00,29.2,1004.2,8.56,22.25
2019-07-31 11:00:00,29.24,1004.0,5.05,355.91
2019-07-31 12:00:00,29.15,1003.4,6.88,317.12
2019-07-31 13:00:00,29.52,1002.7,10.8,323.13
2019-07-31 14:00:00,30.19,1002.0,14.34,331.5
2019-07-31 15:00:00,30.28,1001.4,15.65,336.97
2019-07-31 16:00:00,31.43,1000.6,15.14,342.0
2019-07-31 17:00:00,31.46,1000.6,12.57,346.76
2019-07-31 18:00:00,30.74,1001.0,8.43,340.02
2019-07-31 19:00:00,29.94,1001.6,9.02,28.61
2019-07-31 20:00:00,29.11,1002.3,9.26,13.5
2019-07-31 21:00:00,28.4,1002.9,9.39,355.6
2019-07-31 22:00:00,27.85,1003.3,9.45,342.26
2019-07-31 23:00:00,27.43,1003.2,9.23,339.44
2019-08-01 00:00:00,26.86,1002.5,9.83,331.56
2019-08-01 01:00:00,26.35,1002.1,11.81,322.43
2019-08-01 02:00:00,25.7,1001.5,12.73,315.0
2019-08-01 03:00:00,25.27,1001.1,13.04,309.4
2019-08-01 04:00:00,25.03,1000.8,12.98,303.69
2019-08-01 05:00:00,25.0,1000.8,14.2,300.47
2019-08-01 06:00:00,25.71,1000.7,17.08,304.7
2019-08-01 07:00:00,26.2,1001.2,17.32,316.68
2019-08-01 08:00:00,26.83,1001.5,16.14,308.66
2019-08-01 09:00:00,28.8,1001.9,15.7,323.39
2019-08-01 10:00:00,30.57,1002.1,16.58,332.88
2019-08-01 11:00:00,33.55,1001.2,27.04,356.95
2019-08-01 12:00:00,31.89,1000.6,25.92,360.0
2019-08-01 13:00:00,32.22,1000.0,25.72,353.57
2019-08-01 14:00:00,31.73,999.1,22.9,343.56
2019-08-01 15:00:00,31.37,998.1,20.77,332.1
2019-08-01 16:00:00,31.19,997.4,17.88,334.98
2019-08-01 17:00:00,31.53,997.2,18.51,346.5
2019-08-01 18:00:00,31.05,998.0,21.24,360.0
2019-08-01 19:00:00,25.8,998.4,10.79,295.71
2019-08-01 20:00:00,25.7,999.1,11.11,294.9
2019-08-01 21:00:00,25.76,999.8,12.1,306.53
2019-08-01 22:00:00,25.95,1000.1,13.28,310.6
2019-08-01 23:00:00,26.39,999.6,16.92,330.71
2019-08-02 00:00:00,26.2,999.0,21.33,338.2
2019-08-02 01:00:00,25.69,998.6,22.22,333.02
2019-08-02 02:00:00,25.49,998.3,23.28,328.28
2019-08-02 03:00:00,25.4,997.9,21.82,322.37
2019-08-02 04:00:00,25.11,997.7,20.36,315.0
2019-08-02 05:00:00,24.74,997.5,19.3,306.66
2019-08-02 06:00:00,25.33,997.9,20.14,298.86
2019-08-02 07:00:00,25.89,998.1,23.19,297.76
2019-08-02 08:00:00,25.33,999.0,24.16,294.66
2019-08-02 09:00:00,25.65,999.3,25.84,288.69
2019-08-02 10:00:00,27.3,999.6,27.94,284.93
2019-08-02 11:00:00,29.11,999.0,29.3,280.62
2019-08-02 12:00:00,29.91,998.0,28.27,276.58
2019-08-02 13:00:00,31.57,997.2,26.53,277.8
2019-08-02 14:00:00,32.6,996.3,25.17,286.62
2019-08-02 15:00:00,31.89,996.0,23.53,299.31
2019-08-02 16:00:00,31.24,995.9,22.27,304.46
2019-08-02 17:00:00,30.93,996.0,20.67,305.07
2019-08-02 18:00:00,30.16,996.6,17.07,294.94
2019-08-02 19:00:00,28.05,997.6,14.92,289.75
2019-08-02 20:00:00,27.54,998.2,12.92,282.88
2019-08-02 21:00:00,27.27,998.8,14.0,287.97
2019-08-02 22:00:00,26.63,999.3,18.06,293.5
2019-08-02 23:00:00,25.54,998.7,17.65,290.28
2019-08-03 00:00:00,25.58,997.6,16.75,295.46
2019-08-03 01:00:00,25.36,997.0,16.49,301.61
2019-08-03 02:00:00,25.41,996.7,17.67,303.37
2019-08-03 03:00:00,25.67,996.4,21.49,301.29
2019-08-03 04:00:00,25.06,996.3,22.41,293.68
2019-08-03 05:00:00,24.9,996.0,22.1,282.23
2019-08-03 06:00:00,24.9,996.4,21.96,269.06
2019-08-03 07:00:00,25.04,996.5,21.32,258.31
2019-08-03 08:00:00,25.15,997.0,18.68,242.45
2019-08-03 09:00:00,25.35,997.1,16.64,218.85
2019-08-03 10:00:00,25.7,997.1,17.21,195.78
2019-08-03 11:00:00,26.33,996.8,17.73,185.83
2019-08-03 12:00:00,26.67,996.8,17.64,180.0
2019-08-03 13:00:00,27.02,997.0,16.95,176.35
2019-08-03 14:00:00,26.81,996.8,14.26,169.82
2019-08-03 15:00:00,26.62,996.7,13.24,157.62
2019-08-03 16:00:00,26.92,996.7,13.71,150.07
2019-08-03 17:00:00,26.93,997.2,13.61,142.52
2019-08-03 18:00:00,26.61,998.2,11.02,141.63
2019-08-03 19:00:00,26.5,998.1,12.25,155.7
2019-08-03 20:00:00,26.52,999.2,12.24,151.93
2019-08-03 21:00:00,26.37,1000.1,13.9,143.43
2019-08-03 22:00:00,26.18,1000.7,16.04,135.91
2019-08-03 23:00:00,26.26,1000.6,16.09,130.46
2019-08-04 00:00:00,26.26,1000.1,15.91,127.65
2019-08-04 01:00:00,26.09,999.8,16.08,124.05
2019-08-04 02:00:00,26.0,999.7,15.08,123.31
2019-08-04 03:00:00,25.97,999.5,13.98,124.51
2019-08-04 04:00:00,25.94,999.5,12.68,124.59
2019-08-04 05:00:00,25.92,999.7,12.18,124.16
2019-08-04 06:00:00,25.99,1000.1,12.29,121.83
2019-08-04 07:00:00,26.28,1000.4,12.1,120.38
2019-08-04 08:00:00,26.59,1000.9,12.1,120.38
2019-08-04 09:00:00,26.83,1001.2,12.29,121.83
2019-08-04 10:00:00,27.01,1001.3,13.4,120.7
2019-08-04 11:00:00,27.14,1001.3,13.28,122.83
2019-08-04 12:00:00,27.17,1001.0,13.39,126.25
2019-08-04 13:00:00,27.14,1001.0,13.32,128.42
2019-08-04 14:00:00,27.09,1000.7,12.26,130.24
2019-08-04 15:00:00,27.04,1000.5,11.53,128.66
2019-08-04 16:00:00,26.89,1000.3,10.59,125.31
2019-08-04 17:00:00,26.7,1000.5,10.19,122.01
2019-08-04 18:00:00,26.42,1001.2,10.46,116.57
2019-08-04 19:00:00,26.18,1001.5,12.07,107.35
2019-08-04 20:00:00,26.1,1002.1,12.43,112.11
2019-08-04 21:00:00,26.05,1002.6,12.57,113.63
2019-08-04 22:00:00,26.01,1003.1,12.72,115.11
2019-08-04 23:00:00,25.95,1003.1,11.79,121.26
2019-08-05 00:00:00,25.91,1002.7,11.02,128.37
2019-08-05 01:00:00,25.87,1002.6,10.44,133.6
2019-08-05 02:00:00,25.83,1002.3,10.3,143.53
2019-08-05 03:00:00,25.82,1002.2,10.31,155.22
2019-08-05 04:00:00,25.82,1001.9,11.01,168.69
2019-08-05 05:00:00,25.82,1002.0,11.18,176.31
2019-08-05 06:00:00,26.15,1002.2,9.37,182.2
2019-08-05 07:00:00,26.5,1002.5,7.95,185.19
2019-08-05 08:00:00,26.79,1003.4,6.85,176.99
2019-08-05 09:00:00,26.61,1003.6,7.65,138.81
2019-08-05 10:00:00,26.51,1003.8,15.04,101.04
2019-08-05 11:00:00,26.69,1003.8,20.61,109.38
2019-08-05 12:00:00,27.12,1003.4,20.52,111.61
2019-08-05 13:00:00,26.5,1003.3,19.49,115.14
2019-08-05 14:00:00,27.01,1002.9,16.98,111.12
2019-08-05 15:00:00,26.83,1002.4,14.15,104.74
2019-08-05 16:00:00,26.69,1002.2,12.02,98.62
2019-08-05 17:00:00,26.51,1002.2,11.18,93.69
2019-08-05 18:00:00,26.24,1002.9,10.81,91.91
2019-08-05 19:00:00,27.3,1003.7,11.9,93.47
2019-08-05 20:00:00,27.1,1004.3,10.11,94.09
2019-08-05 21:00:00,26.96,1005.2,6.99,101.89
2019-08-05 22:00:00,26.31,1005.6,4.33,94.76
2019-08-05 23:00:00,26.17,1005.4,2.81,50.19
2019-08-06 00:00:00,26.07,1005.0,2.41,26.57
2019-08-06 01:00:00,25.9,1004.7,2.97,14.04
2019-08-06 02:00:00,25.62,1004.3,3.67,348.69
2019-08-06 03:00:00,25.46,1003.8,4.45,345.96
2019-08-06 04:00:00,25.37,1003.4,4.8,347.01
2019-08-06 05:00:00,25.56,1003.6,3.62,354.29
2019-08-06 06:00:00,26.15,1003.9,3.96,360.0
2019-08-06 07:00:00,28.03,1004.2,3.6,53.13
2019-08-06 08:00:00,29.18,1004.8,7.86,74.05
2019-08-06 09:00:00,28.91,1004.7,7.99,82.23
2019-08-06 10:00:00,30.53,1004.7,7.24,95.71
2019-08-06 11:00:00,29.5,1004.4,7.86,105.95
2019-08-06 12:00:00,31.01,1003.7,9.9,109.09
2019-08-06 13:00:00,29.81,1003.3,11.5,110.14
2019-08-06 14:00:00,30.85,1002.7,12.25,114.3
2019-08-06 15:00:00,29.6,1001.8,12.88,116.57
2019-08-06 16:00:00,30.45,1001.1,14.02,119.2
2019-08-06 17:00:00,29.95,1001.2,14.19,125.71
2019-08-06 18:00:00,28.87,1001.8,12.5,131.5
2019-08-06 19:00:00,28.73,1002.4,8.44,140.19
2019-08-06 20:00:00,28.21,1003.1,6.37,137.29
2019-08-06 21:00:00,28.08,1003.5,5.69,124.7
2019-08-06 22:00:00,28.1,1004.0,5.48,113.2
2019-08-06 23:00:00,27.97,1003.8,5.24,105.95
2019-08-07 00:00:00,27.68,1003.3,5.09,98.13
2019-08-07 01:00:00,27.41,1003.1,5.04,90.0
2019-08-07 02:00:00,27.09,1002.8,5.05,85.91
2019-08-07 03:00:00,26.79,1002.6,4.45,75.96
2019-08-07 04:00:00,26.46,1002.4,4.35,65.56
2019-08-07 05:00:00,26.16,1002.2,4.83,63.43
2019-08-07 06:00:00,26.53,1002.4,5.48,66.8
2019-08-07 07:00:00,28.6,1002.5,3.67,78.69
2019-08-07 08:00:00,30.37,1002.9,4.84,131.99
2019-08-07 09:00:00,31.68,1002.9,6.44,153.43
2019-08-07 10:00:00,32.63,1002.9,8.43,160.02
2019-08-07 11:00:00,33.19,1002.3,10.14,163.5
2019-08-07 12:00:00,33.66,1001.6,11.5,159.86
2019-08-07 13:00:00,33.84,1001.1,12.77,158.5
2019-08-07 14:00:00,33.83,1000.0,13.71,156.8
2019-08-07 15:00:00,33.32,999.1,14.66,155.32
2019-08-07 16:00:00,32.37,998.3,15.63,151.07
2019-08-07 17:00:00,31.15,998.2,15.08,146.69
2019-08-07 18:00:00,29.66,998.9,14.11,142.25
2019-08-07 19:00:00,29.51,998.5,12.24,151.93
2019-08-07 20:00:00,29.23,999.0,9.39,147.53
2019-08-07 21:00:00,28.98,999.7,8.67,138.37
2019-08-07 22:00:00,28.86,999.9,8.79,145.01
2019-08-07 23:00:00,28.82,1000.0,7.9,155.77
2019-08-08 00:00:00,28.56,1000.0,7.17,162.47
2019-08-08 01:00:00,28.42,1000.0,6.16,173.29
2019-08-08 02:00:00,28.02,999.7,5.04,180.0
2019-08-08 03:00:00,27.89,999.1,2.52,180.0
2019-08-08 04:00:00,27.52,998.6,0.72,90.0
2019-08-08 05:00:00,27.57,998.7,3.32,49.4
2019-08-08 06:00:00,27.89,999.0,4.39,55.01
2019-08-08 07:00:00,29.8,999.4,2.28,71.57
2019-08-08 08:00:00,31.8,999.9,2.28,71.57
2019-08-08 09:00:00,33.37,1000.1,1.02,225.0
2019-08-08 10:00:00,34.62,999.8,3.32,192.53
2019-08-08 11:00:00,35.52,999.5,5.05,175.91
2019-08-08 12:00:00,35.86,999.1,6.29,166.76
2019-08-08 13:00:00,36.07,999.0,4.58,135.0
2019-08-08 14:00:00,35.47,998.2,8.09,147.72
2019-08-08 15:00:00,35.36,997.8,9.51,119.48
2019-08-08 16:00:00,33.8,997.8,10.97,138.99
2019-08-08 17:00:00,33.13,997.7,11.61,150.26
2019-08-08 18:00:00,31.28,998.4,12.98,146.31
2019-08-08 19:00:00,29.77,999.1,12.77,139.57
2019-08-08 20:00:00,29.75,999.7,10.64,113.96
2019-08-08 21:00:00,29.46,1000.4,7.57,115.35
2019-08-08 22:00:00,29.13,1000.7,5.8,119.74
2019-08-08 23:00:00,28.96,1000.5,5.8,119.74
2019-08-09 00:00:00,28.81,1000.6,6.15,110.56
2019-08-09 01:00:00,29.07,1000.7,5.48,113.2
2019-08-09 02:00:00,29.27,1000.2,3.89,123.69
2019-08-09 03:00:00,29.36,1000.0,3.32,102.53
2019-08-09 04:00:00,29.36,999.9,1.84,78.69
2019-08-09 05:00:00,29.26,999.7,1.8,360.0
2019-08-09 06:00:00,29.2,1000.2,1.8,323.13
2019-08-09 07:00:00,30.09,1000.5,2.1,300.96
2019-08-09 08:00:00,30.0,1001.0,8.85,333.43
2019-08-09 09:00:00,31.38,1000.9,11.27,333.43
2019-08-09 10:00:00,33.15,1000.6,11.97,338.84
2019-08-09 11:00:00,35.36,1000.0,11.87,345.96
2019-08-09 12:00:00,34.88,999.7,11.25,352.65
2019-08-09 13:00:00,35.57,999.2,10.82,3.81
2019-08-09 14:00:00,35.76,998.5,10.16,22.93
2019-08-09 15:00:00,35.76,998.0,9.39,32.47
2019-08-09 16:00:00,35.54,997.6,8.21,37.87
2019-08-09 17:00:00,35.04,997.6,6.99,55.49
2019-08-09 18:00:00,33.51,998.3,4.9,107.1
2019-08-09 19:00:00,30.99,998.8,7.57,154.65
2019-08-09 20:00:00,29.84,999.5,7.49,144.78
2019-08-09 21:00:00,29.63,1000.3,7.1,149.53
2019-08-09 22:00:00,29.31,1000.5,6.49,160.56
2019-08-09 23:00:00,29.2,1000.7,5.86,169.38
2019-08-10 00:00:00,28.92,1000.8,4.69,184.4
2019-08-10 01:00:00,28.53,1000.8,3.4,212.01
2019-08-10 02:00:00,28.13,1000.4,3.1,234.46
2019-08-10 03:00:00,28.03,1000.1,2.97,255.96
2019-08-10 04:00:00,27.57,999.9,2.62,285.95
2019-08-10 05:00:00,27.45,1000.1,1.94,338.2
2019-08-10 06:00:00,27.88,1000.5,2.41,26.57
2019-08-10 07:00:00,28.82,1000.9,0.51,45.0
2019-08-10 08:00:00,31.47,1001.2,3.6,323.13
2019-08-10 09:00:00,33.21,1001.0,3.89,303.69
2019-08-10 10:00:00,34.45,1000.8,4.02,296.57
2019-08-10 11:00:00,35.44,1000.0,1.84,281.31
2019-08-10 12:00:00,35.79,999.3,2.28,161.57
2019-08-10 13:00:00,35.92,998.7,6.62,157.62
2019-08-10 14:00:00,35.75,998.2,10.7,160.35
2019-08-10 15:00:00,35.33,997.9,13.36,165.96
2019-08-10 16:00:00,34.49,997.9,16.06,160.35
2019-08-10 17:00:00,32.95,998.4,16.85,160.02
2019-08-10 18:00:00,31.18,999.0,15.26,160.71
2019-08-10 19:00:00,30.05,999.5,12.98,160.56
2019-08-10 20:00:00,29.75,1000.4,10.31,167.91
2019-08-10 21:00:00,29.44,1001.4,9.11,170.91
2019-08-10 22:00:00,29.05,1001.9,7.95,174.81
2019-08-10 23:00:00,28.73,1001.9,7.24,174.29
2019-08-11 00:00:00,28.43,1001.6,6.49,176.82
2019-08-11 01:00:00,28.24,1001.4,5.77,176.42
2019-08-11 02:00:00,28.0,1000.9,4.69,175.6
2019-08-11 03:00:00,28.0,1000.5,2.97,165.96
2019-08-11 04:00:00,27.86,1000.3,2.19,99.46
2019-08-11 05:00:00,27.67,1000.5,4.32,90.0
2019-08-11 06:00:00,28.21,1000.9,4.68,90.0
2019-08-11 07:00:00,30.27,1001.1,5.12,140.71
2019-08-11 08:00:00,31.75,1001.2,1.08,180.0
2019-08-11 09:00:00,33.08,1001.2,3.88,201.8
2019-08-11 10:00:00,34.24,1001.2,5.86,190.62
2019-08-11 11:00:00,34.98,1000.4,8.29,182.49
2019-08-11 12:00:00,35.43,999.8,9.39,175.6
2019-08-11 13:00:00,35.62,999.2,12.22,166.37
2019-08-11 14:00:00,35.2,998.7,15.72,159.9
2019-08-11 15:00:00,34.43,998.8,17.32,159.3
2019-08-11 16:00:00,33.53,998.8,17.56,164.54
2019-08-11 17:00:00,32.75,999.0,17.11,165.38
2019-08-11 18:00:00,31.41,999.8,15.46,155.22
2019-08-11 19:00:00,30.16,1000.4,11.89,144.87
2019-08-11 20:00:00,29.72,1000.8,7.63,160.71
2019-08-11 21:00:00,29.39,1001.1,6.29,166.76
2019-08-11 22:00:00,29.08,1001.5,6.52,173.66
2019-08-11 23:00:00,28.68,1001.5,6.84,180.0
2019-08-12 00:00:00,28.37,1001.1,6.49,183.18
2019-08-12 01:00:00,28.28,1000.7,5.76,180.0
2019-08-12 02:00:00,28.13,1000.3,5.51,168.69
2019-08-12 03:00:00,28.14,1000.2,4.69,147.53
2019-08-12 04:00:00,28.18,1000.3,4.1,105.26
2019-08-12 05:00:00,28.14,1000.4,5.45,82.41
2019-08-12 06:00:00,28.92,1000.8,9.39,85.6
2019-08-12 07:00:00,29.89,1001.7,11.79,121.26
2019-08-12 08:00:00,31.13,1001.9,8.4,189.87
2019-08-12 09:00:00,32.76,1002.4,9.9,199.09
2019-08-12 10:00:00,33.65,1002.2,10.59,189.78
2019-08-12 11:00:00,35.25,1001.5,10.8,180.0
2019-08-12 12:00:00,35.73,1001.0,12.54,140.83
2019-08-12 13:00:00,35.22,1000.6,16.42,142.13
2019-08-12 14:00:00,34.01,1000.0,20.07,147.45
2019-08-12 15:00:00,33.07,999.8,19.8,152.97
2019-08-12 16:00:00,32.76,999.4,16.98,158.88
2019-08-12 17:00:00,32.2,999.2,17.11,157.75
2019-08-12 18:00:00,31.23,999.5,15.84,158.68
2019-08-12 19:00:00,30.34,999.8,12.57,156.37
2019-08-12 20:00:00,29.98,1000.4,5.82,158.2
2019-08-12 21:00:00,29.63,1001.1,6.62,135.0
2019-08-12 22:00:00,29.35,1001.4,7.64,135.0
2019-08-12 23:00:00,29.24,1000.8,7.9,133.15
2019-08-13 00:00:00,29.15,1000.4,7.64,135.0
2019-08-13 01:00:00,29.03,1000.0,7.9,136.85
2019-08-13 02:00:00,29.12,999.6,7.64,135.0
2019-08-13 03:00:00,29.26,999.1,6.7,126.25
2019-08-13 04:00:00,29.0,999.1,8.85,116.57
2019-08-13 05:00:00,28.96,999.5,10.31,114.78
2019-08-13 06:00:00,29.85,1000.3,12.88,116.57
2019-08-13 07:00:00,31.41,1001.0,14.76,135.0
2019-08-13 08:00:00,32.32,1001.5,1.53,225.0
2019-08-13 09:00:00,32.92,1001.6,4.2,239.04
2019-08-13 10:00:00,32.57,1001.4,8.59,236.98
2019-08-13 11:00:00,31.45,1000.6,11.12,240.95
2019-08-13 12:00:00,35.12,999.9,9.23,249.44
2019-08-13 13:00:00,36.59,999.5,4.21,250.02
2019-08-13 14:00:00,34.75,999.2,7.15,220.91
2019-08-13 15:00:00,36.23,999.0,7.57,182.73
2019-08-13 16:00:00,36.14,998.9,9.79,162.9
2019-08-13 17:00:00,35.13,999.0,12.48,146.77
2019-08-13 18:00:00,32.71,999.4,15.19,143.67
2019-08-13 19:00:00,30.84,999.6,14.39,148.3
2019-08-13 20:00:00,30.56,1000.4,11.84,160.46
2019-08-13 21:00:00,30.08,1001.2,8.91,165.96
2019-08-13 22:00:00,29.67,1002.0,6.99,168.11
2019-08-13 23:00:00,29.36,1002.1,6.12,180.0
2019-08-27 00:00:00,26.94,1004.6,7.34,101.31
2019-08-27 01:00:00,27.38,1004.4,8.56,104.62
2019-08-27 02:00:00,26.84,1004.4,7.63,109.29
2019-08-27 03:00:00,26.48,1004.2,7.86,105.95
2019-08-27 04:00:00,26.17,1004.1,8.47,102.26
2019-08-27 05:00:00,26.53,1004.2,7.95,95.19
2019-08-27 06:00:00,27.16,1004.7,8.29,87.51
2019-08-27 07:00:00,27.52,1005.2,7.93,92.6
2019-08-27 08:00:00,28.41,1005.9,9.37,92.2
2019-08-27 09:00:00,28.63,1006.2,7.57,87.27
2019-08-27 10:00:00,29.42,1006.4,6.29,76.76
2019-08-27 11:00:00,29.74,1005.9,6.92,81.03
2019-08-27 12:00:00,29.58,1005.5,9.73,92.12
2019-08-27 13:00:00,29.3,1005.4,13.91,100.44
2019-08-27 14:00:00,28.21,1005.0,16.87,101.07
2019-08-27 15:00:00,28.48,1004.4,16.26,95.08
2019-08-27 16:00:00,28.38,1004.0,16.45,100.08
2019-08-27 17:00:00,28.04,1004.2,16.42,105.26
2019-08-27 18:00:00,27.42,1005.4,14.35,107.53
2019-08-27 19:00:00,27.92,1006.4,12.1,112.75
2019-08-27 20:00:00,27.71,1007.4,11.97,111.16
2019-08-27 21:00:00,27.6,1008.2,9.11,108.43
2019-08-27 22:00:00,27.48,1008.7,8.83,101.77
2019-08-27 23:00:00,27.49,1008.7,9.03,94.57
2019-08-28 00:00:00,27.48,1008.5,9.37,92.2
2019-08-28 01:00:00,27.5,1008.3,9.01,87.71
2019-08-28 02:00:00,25.97,1008.2,8.31,72.35
2019-08-28 03:00:00,25.38,1008.2,7.42,67.17
2019-08-28 04:00:00,25.2,1008.1,6.61,60.64
2019-08-28 05:00:00,25.16,1008.2,6.79,57.99
2019-08-28 06:00:00,25.63,1008.8,6.99,55.49
2019-08-28 07:00:00,27.58,1009.2,9.9,70.91
2019-08-28 08:00:00,27.98,1009.7,12.32,83.29
2019-08-28 09:00:00,29.63,1009.7,11.88,90.0
2019-08-28 10:00:00,29.04,1009.9,11.57,95.36
2019-08-28 11:00:00,29.7,1009.1,12.5,101.63
2019-08-28 12:00:00,30.27,1008.2,14.24,106.14
2019-08-28 13:00:00,31.29,1007.5,15.6,108.85
2019-08-28 14:00:00,31.48,1006.5,15.72,110.1
2019-08-28 15:00:00,31.46,1005.6,14.99,114.1
2019-08-28 16:00:00,31.06,1004.9,13.36,117.26
2019-08-28 17:00:00,30.33,1004.8,12.1,120.38
2019-08-28 18:00:00,28.87,1005.5,8.91,136.64
2019-08-28 19:00:00,28.48,1006.1,6.29,156.37
2019-08-28 20:00:00,28.18,1006.6,5.15,167.91
2019-08-28 21:00:00,28.22,1007.0,3.67,191.31
2019-08-28 22:00:00,27.96,1007.3,3.88,248.2
2019-08-28 23:00:00,27.3,1007.1,5.45,277.59
2019-08-29 00:00:00,27.26,1006.3,8.09,290.85
2019-08-29 01:00:00,27.08,1005.9,8.22,298.81
2019-08-29 02:00:00,26.84,1005.5,8.16,318.58
2019-08-29 03:00:00,26.87,1005.1,11.18,326.82
2019-08-29 04:00:00,26.9,1004.7,13.38,336.19
2019-08-29 05:00:00,27.04,1004.7,13.49,350.79
2019-08-29 06:00:00,27.24,1005.1,14.04,358.53
2019-08-29 07:00:00,29.2,1005.1,16.94,2.44
2019-08-29 08:00:00,30.8,1005.4,18.36,11.31
2019-08-29 09:00:00,32.83,1005.1,24.51,29.95
2019-08-29 10:00:00,33.78,1004.7,23.4,30.51
2019-08-29 11:00:00,33.09,1004.1,20.38,35.66
2019-08-29 12:00:00,33.59,1003.3,18.86,41.91
2019-08-29 13:00:00,33.45,1002.9,19.17,50.33
2019-08-29 14:00:00,33.17,1002.3,19.45,51.01
2019-08-29 15:00:00,33.25,1001.6,19.88,58.32
2019-08-29 16:00:00,33.25,1001.3,21.12,60.38
2019-08-29 17:00:00,32.29,1001.4,21.09,62.56
2019-08-29 18:00:00,31.1,1002.0,19.48,62.49
2019-08-29 19:00:00,30.13,1002.2,18.25,67.99
2019-08-29 20:00:00,30.26,1003.6,22.78,84.56
2019-08-29 21:00:00,28.38,1004.9,29.24,99.93
2019-08-29 22:00:00,26.58,1005.5,25.22,92.45
2019-08-29 23:00:00,26.83,1005.2,24.34,82.35
2019-08-30 00:00:00,26.6,1004.5,21.57,75.5
2019-08-30 01:00:00,26.59,1004.1,20.27,70.28
2019-08-30 02:00:00,26.69,1003.8,20.47,66.14
2019-08-30 03:00:00,26.74,1003.5,19.97,62.05
2019-08-30 04:00:00,26.47,1003.5,18.68,62.45
2019-08-30 05:00:00,26.24,1003.5,17.78,68.63
2019-08-30 06:00:00,26.21,1003.8,18.21,71.57
2019-08-30 07:00:00,26.45,1004.0,20.18,74.48
2019-08-30 08:00:00,26.7,1004.5,21.32,78.31
2019-08-30 09:00:00,26.93,1004.8,22.67,79.94
2019-08-30 10:00:00,27.15,1005.0,23.51,78.52
2019-08-30 11:00:00,27.44,1004.6,24.54,75.56
2019-08-30 12:00:00,27.25,1004.0,24.72,73.94
2019-08-30 13:00:00,26.7,1003.7,23.84,75.12
2019-08-30 14:00:00,26.56,1003.3,23.31,76.61
2019-08-30 15:00:00,26.51,1002.9,21.05,77.15
2019-08-30 16:00:00,26.37,1002.9,17.19,70.43
2019-08-30 17:00:00,26.19,1003.0,15.32,66.45
2019-08-30 18:00:00,25.87,1003.7,10.31,65.22
2019-08-30 19:00:00,26.37,1004.3,21.07,70.02
2019-08-30 20:00:00,25.73,1005.1,22.86,82.76
2019-08-30 21:00:00,25.52,1005.9,23.09,79.22
2019-08-30 22:00:00,25.47,1006.6,19.49,78.27
2019-08-30 23:00:00,25.8,1006.6,20.24,84.9
2019-08-31 00:00:00,25.71,1005.9,20.21,85.91
2019-08-31 01:00:00,25.46,1005.7,20.89,88.03
2019-08-31 02:00:00,25.18,1005.1,20.57,85.99
2019-08-31 03:00:00,24.96,1005.3,20.01,81.72
2019-08-31 04:00:00,24.87,1005.1,17.46,75.68
2019-08-31 05:00:00,24.91,1005.3,13.44,69.62
2019-08-31 06:00:00,25.05,1005.9,11.12,60.95
2019-08-31 07:00:00,25.37,1006.1,11.09,54.25
2019-08-31 08:00:00,25.62,1006.9,10.99,58.39
2019-08-31 09:00:00,25.99,1007.3,10.46,63.43
2019-08-31 10:00:00,26.81,1007.5,10.14,73.5
2019-08-31 11:00:00,27.04,1007.2,11.25,82.65
2019-08-31 12:00:00,27.14,1006.7,11.17,88.15
2019-08-31 13:00:00,26.98,1006.4,10.81,91.91
2019-08-31 14:00:00,26.91,1005.9,9.75,94.24
2019-08-31 15:00:00,26.75,1005.6,8.64,90.0
2019-08-31 16:00:00,27.57,1005.2,10.09,92.05
2019-08-31 17:00:00,27.29,1005.4,9.23,110.56
2019-08-31 18:00:00,26.41,1006.2,8.79,124.99
2019-08-31 19:00:00,27.51,1005.6,11.3,80.84
2019-08-31 20:00:00,27.07,1006.3,14.4,90.0
2019-08-31 21:00:00,26.51,1007.2,15.48,90.0
2019-08-31 22:00:00,26.27,1007.9,13.68,90.0
2019-08-31 23:00:00,26.01,1007.7,12.62,86.73
2019-09-01 00:00:00,25.92,1007.1,10.59,80.22
2019-09-01 01:00:00,25.88,1006.5,9.45,72.26
2019-09-01 02:00:00,25.79,1006.0,7.41,60.95
2019-09-01 03:00:00,25.7,1005.6,5.62,39.81
2019-09-01 04:00:00,25.63,1005.5,4.38,9.46
2019-09-01 05:00:00,25.49,1005.8,3.6,360.0
2019-09-01 06:00:00,25.41,1006.4,2.52,360.0
2019-09-01 07:00:00,26.02,1006.7,2.19,80.54
2019-09-01 08:00:00,26.65,1007.0,6.84,90.0
2019-09-01 09:00:00,26.87,1007.2,8.4,99.87
2019-09-01 10:00:00,27.11,1007.5,8.05,100.3
2019-09-01 11:00:00,27.55,1007.1,5.59,75.07
2019-09-01 12:00:00,28.07,1006.6,6.73,15.52
2019-09-01 13:00:00,28.06,1006.4,9.53,10.89
2019-09-01 14:00:00,27.44,1005.9,11.97,6.91
2019-09-01 15:00:00,27.16,1005.4,15.39,10.78
2019-09-01 16:00:00,27.11,1005.2,16.98,21.12
2019-09-01 17:00:00,27.4,1005.3,14.98,54.78
2019-09-01 18:00:00,26.9,1006.2,11.17,69.23
2019-09-01 19:00:00,26.93,1006.2,5.8,82.87
2019-09-01 20:00:00,26.95,1006.9,4.33,94.76
2019-09-01 21:00:00,27.07,1007.3,0.8,63.43
2019-09-01 22:00:00,26.96,1007.6,2.62,285.95
2019-09-01 23:00:00,26.05,1007.6,2.97,284.04
2019-09-02 00:00:00,25.33,1007.1,4.9,306.03
2019-09-02 01:00:00,25.06,1006.7,7.29,339.78
2019-09-02 02:00:00,24.77,1006.1,9.47,8.75
2019-09-02 03:00:00,24.58,1005.6,10.09,357.95
2019-09-02 04:00:00,24.47,1005.2,12.37,351.63
2019-09-02 05:00:00,24.59,1005.6,16.17,11.56
2019-09-02 06:00:00,24.22,1006.3,20.04,17.78
2019-09-02 07:00:00,25.12,1006.7,23.24,16.19
2019-09-02 08:00:00,26.17,1007.3,23.8,17.61
2019-09-02 09:00:00,28.46,1007.4,24.27,20.85
2019-09-02 10:00:00,30.39,1007.3,24.16,28.47
2019-09-02 11:00:00,29.82,1006.7,23.33,38.11
2019-09-02 12:00:00,29.39,1006.1,23.78,39.47
2019-09-02 13:00:00,28.99,1005.9,27.56,33.27
2019-09-02 14:00:00,29.88,1005.0,27.0,36.87
2019-09-02 15:00:00,28.64,1004.3,23.78,39.47
2019-09-02 16:00:00,28.34,1003.8,24.48,36.03
2019-09-02 17:00:00,28.13,1003.8,23.9,37.04
2019-09-02 18:00:00,27.45,1004.6,20.47,34.25
2019-09-02 19:00:00,27.12,1004.7,21.13,45.69
2019-09-02 20:00:00,26.12,1005.2,21.95,41.01
2019-09-02 21:00:00,25.29,1005.8,19.35,45.0
2019-09-02 22:00:00,25.44,1006.1,17.1,49.27
2019-09-02 23:00:00,26.1,1006.2,17.41,60.26
2019-09-03 00:00:00,26.07,1005.8,17.87,55.67
2019-09-03 01:00:00,25.82,1005.3,17.43,51.71
2019-09-03 02:00:00,25.67,1004.6,19.86,45.0
2019-09-03 03:00:00,25.59,1004.2,22.96,48.81
2019-09-03 04:00:00,25.09,1004.1,23.05,51.34
2019-09-03 05:00:00,24.73,1004.4,21.41,47.73
2019-09-03 06:00:00,24.7,1004.8,20.09,36.25
2019-09-03 07:00:00,25.83,1005.1,21.95,41.01
2019-09-03 08:00:00,26.53,1005.7,21.03,38.05
2019-09-03 09:00:00,26.96,1006.3,19.96,39.14
2019-09-03 10:00:00,27.85,1006.6,17.85,41.73
2019-09-03 11:00:00,29.13,1006.2,18.08,54.73
2019-09-03 12:00:00,31.09,1005.5,20.99,59.04
2019-09-03 13:00:00,29.46,1004.8,19.68,50.19
2019-09-03 14:00:00,30.34,1003.8,18.12,49.03
2019-09-03 15:00:00,30.39,1003.2,14.77,43.03
2019-09-03 16:00:00,31.28,1002.7,13.49,46.08
2019-09-03 17:00:00,29.91,1003.2,9.98,64.36
2019-09-03 18:00:00,29.49,1004.2,7.77,76.61
2019-09-03 19:00:00,28.26,1003.0,16.97,17.28
2019-09-03 20:00:00,27.84,1003.7,17.31,16.93
2019-09-03 21:00:00,27.5,1004.3,15.89,13.09
2019-09-03 22:00:00,27.09,1004.8,16.34,7.59
2019-09-03 23:00:00,26.79,1004.6,18.09,5.71
2019-09-04 00:00:00,26.57,1004.0,19.92,6.23
2019-09-04 01:00:00,26.89,1003.5,21.32,4.84
2019-09-04 02:00:00,26.67,1003.2,22.15,7.47
2019-09-04 03:00:00,26.44,1003.0,21.49,8.67
2019-09-04 04:00:00,26.46,1002.9,20.9,10.92
2019-09-04 05:00:00,26.33,1002.8,21.92,14.26
2019-09-04 06:00:00,26.56,1003.1,23.13,20.97
2019-09-04 07:00:00,27.73,1003.2,26.93,29.65
2019-09-04 08:00:00,28.34,1003.8,26.71,37.33
2019-09-04 09:00:00,29.24,1004.2,26.99,43.92
2019-09-04 10:00:00,29.93,1004.4,28.08,49.16
2019-09-04 11:00:00,31.25,1004.0,24.95,46.17
2019-09-04 12:00:00,32.98,1003.2,22.32,52.21
2019-09-04 13:00:00,31.46,1002.7,19.3,53.34
2019-09-04 14:00:00,31.48,1002.0,18.34,46.59
2019-09-04 15:00:00,31.31,1001.5,19.6,44.26
2019-09-04 16:00:00,31.24,1001.2,21.58,62.15
2019-09-04 17:00:00,30.69,1001.3,14.69,72.9
2019-09-04 18:00:00,29.73,1001.9,7.52,73.3
2019-09-04 19:00:00,29.18,1002.3,9.11,71.57
2019-09-04 20:00:00,28.39,1003.1,5.12,50.71
2019-09-04 21:00:00,27.96,1003.6,5.4,36.87
2019-09-04 22:00:00,27.42,1003.8,7.99,7.77
2019-09-04 23:00:00,26.44,1003.2,11.54,356.42
2019-09-05 00:00:00,25.99,1002.8,13.34,356.91
2019-09-05 01:00:00,25.72,1002.6,13.68,360.0
2019-09-05 02:00:00,25.49,1002.3,14.04,360.0
2019-09-05 03:00:00,25.54,1001.9,15.12,360.0
2019-09-05 04:00:00,25.49,1001.5,16.24,3.81
2019-09-05 05:00:00,25.55,1001.8,16.34,7.59
2019-09-05 06:00:00,25.54,1002.7,15.39,10.78
2019-09-05 07:00:00,27.89,1003.1,16.28,18.03
2019-09-05 08:00:00,30.28,1003.7,11.97,15.71
2019-09-05 09:00:00,30.79,1003.9,13.18,34.99
2019-09-05 10:00:00,31.38,1003.8,12.74,42.71
2019-09-05 11:00:00,31.39,1003.3,10.97,48.99
2019-09-05 12:00:00,31.88,1002.6,8.94,49.9
2019-09-05 13:00:00,31.55,1002.1,7.29,32.91
2019-09-05 14:00:00,31.72,1001.5,6.62,22.38
2019-09-05 15:00:00,31.53,1001.1,6.19,35.54
2019-09-05 16:00:00,31.94,1001.1,4.45,75.96
2019-09-05 17:00:00,30.61,1001.4,7.1,149.53
2019-09-05 18:00:00,29.0,1002.0,7.63,160.71
2019-09-05 19:00:00,28.72,1002.4,6.76,154.8
2019-09-05 20:00:00,28.35,1003.0,5.96,154.98
2019-09-05 21:00:00,27.88,1003.8,4.39,145.01
2019-09-05 22:00:00,27.52,1004.2,3.24,180.0
2019-09-05 23:00:00,27.08,1003.7,3.89,236.31
2019-09-06 00:00:00,26.55,1003.1,5.8,277.13
2019-09-06 01:00:00,25.98,1002.9,6.13,310.24
2019-09-06 02:00:00,25.41,1002.9,7.09,336.04
2019-09-06 03:00:00,25.16,1002.9,6.99,348.11
2019-09-06 04:00:00,25.16,1002.8,6.92,351.03
2019-09-06 05:00:00,25.24,1002.9,6.88,353.99
2019-09-06 06:00:00,25.44,1003.2,5.8,352.87
2019-09-06 07:00:00,27.68,1003.2,5.01,338.96
2019-09-06 08:00:00,30.15,1003.7,6.29,336.37
2019-09-06 09:00:00,31.99,1003.6,6.37,317.29
2019-09-06 10:00:00,33.59,1003.4,5.5,328.39
2019-09-06 11:00:00,34.71,1002.6,2.62,344.05
2019-09-06 12:00:00,34.16,1002.1,2.6,123.69
2019-09-06 13:00:00,32.75,1001.8,7.59,148.57
2019-09-06 14:00:00,33.87,1001.3,9.18,154.44
2019-09-06 15:00:00,33.89,1000.9,9.66,153.43
2019-09-06 16:00:00,33.3,1001.0,12.56,152.7
2019-09-06 17:00:00,31.97,1001.4,14.51,156.61
2019-09-06 18:00:00,29.59,1002.0,10.83,158.55
2019-09-06 19:00:00,28.43,1002.4,8.77,160.82
2019-09-06 20:00:00,27.96,1003.2,7.9,149.93
2019-09-06 21:00:00,27.85,1004.0,7.57,154.65
2019-09-06 22:00:00,28.03,1004.5,6.83,161.57
2019-09-06 23:00:00,28.0,1004.2,6.48,180.0
2019-09-07 00:00:00,27.43,1003.9,4.9,197.1
2019-09-07 01:00:00,27.08,1003.7,3.42,198.43
2019-09-07 02:00:00,26.8,1003.2,1.94,201.8
2019-09-07 03:00:00,26.44,1003.0,0.8,153.43
2019-09-07 04:00:00,26.35,1002.9,1.8,90.0
2019-09-07 05:00:00,26.31,1003.3,4.02,79.7
2019-09-07 06:00:00,26.52,1003.9,4.74,81.25
2019-09-07 07:00:00,28.67,1004.2,3.62,95.71
2019-09-07 08:00:00,30.74,1004.8,4.21,160.02
2019-09-07 09:00:00,32.06,1004.8,6.57,170.54
2019-09-07 10:00:00,33.08,1004.6,9.11,170.91
2019-09-07 11:00:00,33.73,1003.6,11.87,165.96
2019-09-07 12:00:00,34.01,1002.8,14.84,157.17
2019-09-07 13:00:00,33.81,1002.5,16.75,154.54
2019-09-07 14:00:00,33.34,1002.0,17.55,154.49
2019-09-07 15:00:00,32.64,1001.7,19.32,153.43
2019-09-07 16:00:00,31.55,1001.8,20.63,150.75
2019-09-07 17:00:00,30.3,1002.0,20.38,147.99
2019-09-07 18:00:00,28.9,1002.5,16.08,145.95
2019-09-07 19:00:00,28.37,1003.1,14.11,142.25
2019-09-07 20:00:00,28.05,1003.9,7.7,142.59
2019-09-07 21:00:00,27.79,1004.6,8.21,142.13
2019-09-07 22:00:00,27.68,1004.9,8.5,143.62
2019-09-07 23:00:00,27.56,1004.7,8.67,138.37
2019-09-08 00:00:00,27.35,1004.4,8.94,139.9
2019-09-08 01:00:00,27.19,1004.2,8.94,139.9
2019-09-08 02:00:00,27.03,1003.6,9.18,138.18
2019-09-08 03:00:00,26.93,1003.4,9.42,133.45
2019-09-08 04:00:00,26.82,1003.2,9.18,131.82
2019-09-08 05:00:00,26.83,1003.5,9.69,131.99
2019-09-08 06:00:00,27.56,1004.1,11.21,132.4
2019-09-08 07:00:00,29.77,1004.1,15.91,142.35
2019-09-08 08:00:00,30.89,1004.4,16.55,134.12
2019-09-08 09:00:00,31.57,1004.8,18.51,153.43
2019-09-08 10:00:00,31.04,1004.8,15.12,141.77
2019-09-08 11:00:00,31.17,1003.2,18.71,149.98
2019-09-08 12:00:00,30.71,1002.4,16.92,141.91
2019-09-08 13:00:00,29.67,1002.6,15.35,140.71
2019-09-08 14:00:00,29.81,1001.4,14.4,143.13
2019-09-08 15:00:00,30.65,1001.2,18.0,126.87
2019-09-08 16:00:00,30.55,1001.3,18.16,129.37
2019-09-08 17:00:00,30.11,1001.4,19.3,126.66
2019-09-08 18:00:00,28.78,1001.9,15.82,131.31
2019-09-08 19:00:00,28.36,1002.3,14.53,131.99
2019-09-08 20:00:00,28.62,1002.6,12.82,128.16
2019-09-08 21:00:00,28.33,1003.2,13.18,124.99
2019-09-08 22:00:00,28.03,1003.2,12.18,124.16
2019-09-08 23:00:00,28.45,1003.3,12.1,126.53
2019-09-09 00:00:00,28.51,1002.9,12.54,129.17
2019-09-09 01:00:00,28.45,1002.4,13.1,127.18
2019-09-09 02:00:00,28.38,1002.4,17.87,124.33
2019-09-09 03:00:00,28.37,1002.1,18.86,131.91
2019-09-09 04:00:00,28.41,1001.7,17.83,133.36
2019-09-09 05:00:00,28.31,1002.2,26.09,140.6
2019-09-09 06:00:00,27.98,1002.7,24.16,155.34
2019-09-09 07:00:00,27.85,1003.3,23.23,167.47
2019-09-09 08:00:00,28.43,1003.5,13.44,97.7
2019-09-09 09:00:00,28.5,1003.6,19.92,96.23
2019-09-09 10:00:00,29.99,1003.3,24.68,113.2
2019-09-09 11:00:00,28.7,1003.0,22.15,134.34
2019-09-09 12:00:00,28.85,1002.7,20.38,147.99
2019-09-09 13:00:00,30.32,1001.9,19.58,147.77
2019-09-09 14:00:00,30.61,1001.3,18.6,132.65
2019-09-09 15:00:00,29.74,1001.3,21.18,125.31
2019-09-09 16:00:00,28.45,1002.0,22.77,129.23
2019-09-09 17:00:00,29.01,1001.9,19.01,127.3
2019-09-09 18:00:00,27.87,1002.4,16.38,123.34
2019-09-09 19:00:00,27.32,1002.9,15.46,117.76
2019-09-09 20:00:00,27.55,1003.7,15.98,112.52
2019-09-09 21:00:00,27.85,1004.2,16.45,113.2
2019-09-09 22:00:00,28.08,1004.3,20.77,117.9
2019-09-09 23:00:00,28.1,1003.9,18.71,120.02
2019-09-10 00:00:00,27.86,1003.8,19.08,121.89
2019-09-10 01:00:00,28.04,1003.9,23.77,122.01
2019-09-10 02:00:00,27.84,1003.6,17.1,130.73
2019-09-10 03:00:00,28.1,1004.0,18.86,138.09
2019-09-10 04:00:00,27.9,1003.9,18.97,146.61
2019-09-10 05:00:00,27.42,1004.1,15.99,148.82
2019-09-10 06:00:00,27.43,1004.7,16.12,150.57
2019-09-10 07:00:00,28.24,1005.3,20.45,153.89
2019-09-10 08:00:00,28.74,1005.9,17.21,105.78
2019-09-10 09:00:00,28.42,1006.1,15.99,121.18
2019-09-10 10:00:00,28.35,1006.3,17.21,127.35
2019-09-10 11:00:00,27.85,1005.9,20.19,129.94
2019-09-10 12:00:00,28.0,1005.4,21.17,131.55
2019-09-10 13:00:00,28.59,1005.2,19.3,126.66
2019-09-10 14:00:00,29.52,1005.1,17.94,128.48
2019-09-10 15:00:00,29.03,1004.9,16.99,126.38
2019-09-10 16:00:00,29.48,1005.6,21.42,114.84
2019-09-10 17:00:00,29.11,1006.1,23.09,120.96
2019-09-10 18:00:00,27.9,1007.0,17.08,124.7
2019-09-10 19:00:00,27.76,1007.9,19.8,126.87
2019-09-10 20:00:00,27.64,1008.4,22.67,133.07
2019-09-10 21:00:00,26.91,1008.6,17.06,134.14
2019-09-10 22:00:00,26.38,1008.6,12.1,126.53
2019-09-10 23:00:00,27.27,1008.7,11.84,109.54
