,Ha Noi,Ha Noi,Ha Noi,Ha Noi
,Temp,Pressure,WindSpeed,WindDir
DateTime,,,,
2019-07-15 00:00:00,27.9,1001.7,3.24,90.0
2019-07-15 01:00:00,27.62,1000.8,2.9,82.87
2019-07-15 02:00:00,27.17,999.7,2.62,74.05
2019-07-15 03:00:00,27.22,999.5,3.26,83.66
2019-07-15 04:00:00,26.84,999.9,2.9,82.87
2019-07-15 05:00:00,26.82,1000.8,3.24,90.0
2019-07-15 06:00:00,27.33,1001.2,3.26,96.34
2019-07-15 07:00:00,27.86,1001.1,4.35,114.44
2019-07-15 08:00:00,28.3,1000.7,5.9,127.57
2019-07-15 09:00:00,28.27,1000.8,7.7,142.59
2019-07-15 10:00:00,28.29,1001.5,7.79,146.31
2019-07-15 11:00:00,28.96,1001.4,7.15,139.09
2019-07-15 12:00:00,30.8,1000.8,7.7,127.41
2019-07-15 13:00:00,31.75,999.8,8.65,135.0
2019-07-15 14:00:00,31.35,999.2,8.94,139.9
2019-07-15 15:00:00,31.3,998.8,9.0,143.13
2019-07-15 16:00:00,31.3,998.9,9.79,143.97
2019-07-15 17:00:00,31.34,999.5,10.23,140.71
2019-07-15 18:00:00,30.85,1000.2,8.94,139.9
2019-07-15 19:00:00,29.65,1001.9,3.56,135.0
2019-07-15 20:00:00,29.31,1002.5,3.32,130.6
2019-07-15 21:00:00,28.94,1003.5,4.84,138.01
2019-07-15 22:00:00,28.55,1003.7,4.1,142.13
2019-07-15 23:00:00,28.11,1003.8,4.61,128.66
2019-07-16 00:00:00,27.6,1003.3,4.68,112.62
2019-07-16 01:00:00,26.97,1002.1,5.24,105.95
2019-07-16 02:00:00,26.5,1001.4,4.74,98.75
2019-07-16 03:00:00,26.2,1001.5,4.69,94.4
2019-07-16 04:00:00,25.94,1002.1,4.68,90.0
2019-07-16 05:00:00,25.82,1002.9,5.05,85.91
2019-07-16 06:00:00,26.19,1003.1,5.04,90.0
2019-07-16 07:00:00,27.01,1003.5,6.29,113.63
2019-07-16 08:00:00,27.84,1003.3,8.5,126.38
2019-07-16 09:00:00,29.23,1003.6,9.69,131.99
2019-07-16 10:00:00,30.52,1003.5,10.7,137.73
2019-07-16 11:00:00,31.88,1002.9,10.44,136.4
2019-07-16 12:00:00,32.84,1002.7,10.2,137.86
2019-07-16 13:00:00,33.56,1002.1,9.73,141.01
2019-07-16 14:00:00,34.05,1001.3,9.96,139.4
2019-07-16 15:00:00,34.16,1000.8,10.2,137.86
2019-07-16 16:00:00,33.64,1000.8,10.2,137.86
2019-07-16 17:00:00,33.5,1000.8,10.95,136.33
2019-07-16 18:00:00,32.64,1001.5,10.95,136.33
2019-07-16 19:00:00,31.77,1001.9,9.16,135.0
2019-07-16 20:00:00,30.44,1002.3,8.65,135.0
2019-07-16 21:00:00,29.64,1003.2,7.9,133.15
2019-07-16 22:00:00,28.94,1003.8,7.2,126.87
2019-07-16 23:00:00,28.38,1004.1,6.19,125.54
2019-07-17 00:00:00,27.86,1004.0,5.32,118.3
2019-07-17 01:00:00,27.41,1002.8,5.8,119.74
2019-07-17 02:00:00,27.03,1002.3,6.3,120.96
2019-07-17 03:00:00,27.38,1002.5,6.29,113.63
2019-07-17 04:00:00,27.51,1002.8,6.12,118.07
2019-07-17 05:00:00,27.16,1003.3,5.15,114.78
2019-07-17 06:00:00,27.22,1003.5,4.21,109.98
2019-07-17 07:00:00,27.71,1003.8,4.35,114.44
2019-07-17 08:00:00,29.55,1003.9,3.89,123.69
2019-07-17 09:00:00,29.31,1003.7,4.1,142.13
2019-07-17 10:00:00,29.88,1003.3,4.55,161.57
2019-07-17 11:00:00,30.36,1002.9,5.09,171.87
2019-07-17 12:00:00,30.92,1002.6,5.76,180.0
2019-07-17 13:00:00,32.43,1002.0,6.57,189.46
2019-07-17 14:00:00,33.29,1001.3,6.73,195.52
2019-07-17 15:00:00,33.7,1000.7,7.34,191.31
2019-07-17 16:00:00,33.74,999.6,7.95,185.19
2019-07-17 17:00:00,33.5,999.7,7.92,180.0
2019-07-17 18:00:00,32.89,1000.6,8.31,175.03
2019-07-17 19:00:00,33.16,1000.1,8.71,150.26
2019-07-17 20:00:00,32.07,1001.0,9.51,150.52
2019-07-17 21:00:00,31.07,1001.7,9.83,151.56
2019-07-17 22:00:00,30.22,1002.6,9.18,154.44
2019-07-17 23:00:00,29.53,1002.6,8.37,154.54
2019-07-18 00:00:00,28.91,1002.3,7.09,156.04
2019-07-18 01:00:00,28.41,1001.7,6.44,153.43
2019-07-18 02:00:00,28.53,1001.0,5.63,153.43
2019-07-18 03:00:00,28.27,1000.5,4.9,143.97
2019-07-18 04:00:00,28.08,1000.6,4.58,135.0
2019-07-18 05:00:00,27.81,1001.0,4.33,131.63
2019-07-18 06:00:00,27.91,1001.5,3.56,135.0
2019-07-18 07:00:00,28.41,1001.4,3.1,144.46
2019-07-18 08:00:00,29.38,1001.2,3.42,161.57
2019-07-18 09:00:00,30.9,1001.2,3.96,180.0
2019-07-18 10:00:00,32.86,1000.8,4.02,190.3
2019-07-18 11:00:00,34.28,1000.4,4.35,204.44
2019-07-18 12:00:00,35.38,999.7,3.6,216.87
2019-07-18 13:00:00,36.05,998.9,3.6,216.87
2019-07-18 14:00:00,36.54,998.1,4.55,198.43
2019-07-18 15:00:00,36.69,997.7,6.21,190.01
2019-07-18 16:00:00,36.6,997.4,7.24,185.71
2019-07-18 17:00:00,36.24,997.6,8.28,180.0
2019-07-18 18:00:00,35.45,998.4,9.18,168.69
2019-07-18 19:00:00,35.06,998.8,3.4,147.99
2019-07-18 20:00:00,34.02,999.2,5.12,140.71
2019-07-18 21:00:00,32.97,1000.3,6.13,139.76
2019-07-18 22:00:00,31.8,1000.6,6.13,139.76
2019-07-18 23:00:00,30.96,1000.8,6.13,139.76
2019-07-19 00:00:00,30.25,1000.9,5.86,137.49
2019-07-19 01:00:00,29.6,999.9,5.35,132.27
2019-07-19 02:00:00,29.05,999.2,5.12,129.29
2019-07-19 03:00:00,28.97,999.2,5.32,118.3
2019-07-19 04:00:00,28.2,999.1,4.8,102.99
2019-07-19 05:00:00,27.9,1000.0,4.69,94.4
2019-07-19 06:00:00,28.47,1000.7,3.26,96.34
2019-07-19 07:00:00,30.2,1000.9,3.71,119.05
2019-07-19 08:00:00,31.85,1000.7,3.32,139.4
2019-07-19 09:00:00,33.43,1000.3,3.71,150.95
2019-07-19 10:00:00,35.13,999.8,4.2,149.04
2019-07-19 11:00:00,34.26,1000.0,2.62,164.05
2019-07-19 12:00:00,34.07,999.8,2.74,113.2
2019-07-19 13:00:00,35.43,999.7,5.77,93.58
2019-07-19 14:00:00,34.47,999.9,4.32,90.0
2019-07-19 15:00:00,35.26,999.5,6.41,128.16
2019-07-19 16:00:00,35.22,999.2,7.49,144.78
2019-07-19 17:00:00,34.77,999.2,7.1,149.53
2019-07-19 18:00:00,33.97,999.7,7.64,135.0
2019-07-19 19:00:00,32.3,1000.7,7.99,125.84
2019-07-19 20:00:00,31.22,1000.8,9.39,122.47
2019-07-19 21:00:00,30.33,1001.7,10.99,121.61
2019-07-19 22:00:00,29.82,1002.2,8.89,121.76
2019-07-19 23:00:00,29.5,1002.9,8.22,118.81
2019-07-20 00:00:00,28.81,1003.0,6.95,111.25
2019-07-20 01:00:00,28.35,1002.2,6.29,103.24
2019-07-20 02:00:00,28.2,1001.2,5.4,90.0
2019-07-20 03:00:00,28.3,1000.9,5.76,90.0
2019-07-20 04:00:00,28.11,1001.3,5.41,86.19
2019-07-20 05:00:00,27.98,1002.1,5.45,82.41
2019-07-20 06:00:00,28.14,1002.8,5.45,82.41
2019-07-20 07:00:00,28.93,1002.6,7.34,101.31
2019-07-20 08:00:00,28.91,1003.1,10.16,112.93
2019-07-20 09:00:00,28.78,1003.8,9.42,136.55
2019-07-20 10:00:00,29.03,1004.2,8.4,136.74
2019-07-20 11:00:00,29.74,1003.4,8.22,118.81
2019-07-20 12:00:00,30.34,1002.9,8.7,114.44
2019-07-20 13:00:00,30.93,1002.5,8.09,122.28
2019-07-20 14:00:00,31.27,1002.0,8.44,129.81
2019-07-20 15:00:00,31.64,1002.0,10.23,140.71
2019-07-20 16:00:00,31.71,1001.7,8.89,148.24
2019-07-20 17:00:00,31.34,1001.7,9.02,151.39
2019-07-20 18:00:00,30.88,1002.0,8.89,148.24
2019-07-20 19:00:00,30.58,1003.1,10.01,127.69
2019-07-20 20:00:00,29.82,1003.9,9.45,130.36
2019-07-20 21:00:00,29.42,1004.5,6.41,128.16
2019-07-20 22:00:00,29.01,1004.2,4.69,122.47
2019-07-20 23:00:00,28.69,1004.2,4.51,118.61
2019-07-21 00:00:00,28.38,1004.2,4.21,109.98
2019-07-21 01:00:00,28.02,1003.1,5.45,97.59
2019-07-21 02:00:00,27.38,1003.0,6.21,100.01
2019-07-21 03:00:00,26.95,1002.9,5.41,93.81
2019-07-21 04:00:00,26.59,1002.9,5.41,93.81
2019-07-21 05:00:00,26.55,1003.0,5.05,94.09
2019-07-21 06:00:00,27.32,1003.7,5.35,109.65
2019-07-21 07:00:00,28.67,1004.4,7.64,135.0
2019-07-21 08:00:00,29.02,1004.7,10.5,149.04
2019-07-21 09:00:00,29.18,1004.8,10.32,150.75
2019-07-21 10:00:00,30.5,1004.3,11.49,147.8
2019-07-21 11:00:00,30.31,1004.1,11.77,156.57
2019-07-21 12:00:00,30.56,1003.8,11.28,163.3
2019-07-21 13:00:00,32.16,1003.3,9.66,153.43
2019-07-21 14:00:00,33.05,1002.6,9.98,154.36
2019-07-21 15:00:00,32.21,1002.3,10.7,160.35
2019-07-21 16:00:00,32.12,1002.2,9.69,164.93
2019-07-21 17:00:00,31.78,1002.0,9.11,161.57
2019-07-21 18:00:00,31.6,1002.6,8.89,158.63
2019-07-21 19:00:00,30.01,1002.5,7.42,140.91
2019-07-21 20:00:00,29.37,1003.1,7.9,133.15
2019-07-21 21:00:00,28.94,1004.6,7.39,133.03
2019-07-21 22:00:00,28.52,1005.4,7.15,130.91
2019-07-21 23:00:00,28.12,1004.7,6.13,130.24
2019-07-22 00:00:00,27.79,1004.0,5.5,121.61
2019-07-22 01:00:00,27.52,1003.3,5.69,108.43
2019-07-22 02:00:00,27.02,1002.8,5.51,101.31
2019-07-22 03:00:00,26.99,1002.7,4.8,102.99
2019-07-22 04:00:00,27.16,1002.6,5.15,102.09
2019-07-22 05:00:00,26.38,1002.5,5.69,108.43
2019-07-22 06:00:00,27.01,1002.9,5.63,116.57
2019-07-22 07:00:00,27.75,1003.3,6.7,126.25
2019-07-22 08:00:00,28.69,1003.2,9.02,151.39
2019-07-22 09:00:00,28.99,1003.7,10.83,164.58
2019-07-22 10:00:00,30.45,1003.3,10.03,158.96
2019-07-22 11:00:00,30.16,1003.2,11.04,160.97
2019-07-22 12:00:00,30.26,1002.4,10.59,162.18
2019-07-22 13:00:00,30.62,1001.8,11.01,168.69
2019-07-22 14:00:00,30.93,1001.2,10.59,170.22
2019-07-22 15:00:00,30.73,1001.2,10.54,172.15
2019-07-22 16:00:00,30.65,1000.9,10.59,170.22
2019-07-22 17:00:00,31.26,1000.7,10.74,166.43
2019-07-22 18:00:00,30.55,1001.0,9.11,161.57
2019-07-22 19:00:00,29.21,1002.3,11.97,133.78
2019-07-22 20:00:00,28.7,1002.8,12.48,136.17
2019-07-22 21:00:00,28.28,1003.5,12.03,141.07
2019-07-22 22:00:00,27.92,1003.1,9.45,139.64
2019-07-22 23:00:00,27.72,1003.3,7.13,135.0
2019-07-23 00:00:00,27.49,1003.2,6.13,130.24
2019-07-23 01:00:00,27.53,1002.3,5.69,124.7
2019-07-23 02:00:00,27.52,1000.8,4.21,109.98
2019-07-23 03:00:00,27.47,1000.7,5.24,105.95
2019-07-23 04:00:00,27.38,1000.7,5.48,113.2
2019-07-23 05:00:00,26.86,1000.8,4.8,102.99
2019-07-23 06:00:00,27.43,1001.1,5.77,93.58
2019-07-23 07:00:00,29.08,1001.2,7.24,116.57
2019-07-23 08:00:00,28.83,1002.2,3.67,191.31
2019-07-23 09:00:00,30.23,1001.9,4.68,202.62
2019-07-23 10:00:00,30.78,1001.0,5.96,205.02
2019-07-23 11:00:00,31.48,1000.5,4.8,192.99
2019-07-23 12:00:00,31.58,999.8,3.67,168.69
2019-07-23 13:00:00,32.49,999.2,5.19,146.31
2019-07-23 14:00:00,31.85,999.4,5.35,137.73
2019-07-23 15:00:00,31.71,999.1,6.13,139.76
2019-07-23 16:00:00,31.51,999.1,7.15,139.09
2019-07-23 17:00:00,31.07,999.9,8.16,138.58
2019-07-23 18:00:00,30.65,1000.3,6.41,128.16
2019-07-23 19:00:00,29.78,1001.3,7.41,119.05
2019-07-23 20:00:00,29.41,1001.5,5.5,121.61
2019-07-23 21:00:00,29.08,1002.1,5.59,104.93
2019-07-23 22:00:00,29.1,1002.2,5.24,105.95
2019-07-23 23:00:00,29.29,1002.6,4.55,108.43
2019-07-24 00:00:00,29.0,1002.0,4.1,105.26
2019-07-24 01:00:00,28.72,1001.8,3.6,90.0
2019-07-24 02:00:00,28.37,1000.9,3.22,63.43
2019-07-24 03:00:00,28.16,1000.6,3.32,49.4
2019-07-24 04:00:00,27.98,1000.8,3.4,32.01
2019-07-24 05:00:00,27.81,1001.1,4.02,26.57
2019-07-24 06:00:00,28.11,1001.6,4.02,26.57
2019-07-24 07:00:00,29.56,1002.5,4.1,37.87
2019-07-24 08:00:00,29.69,1002.9,5.59,75.07
2019-07-24 09:00:00,30.46,1003.2,4.33,85.24
2019-07-24 10:00:00,30.41,1002.9,2.55,98.13
2019-07-24 11:00:00,30.76,1003.1,2.1,59.04
2019-07-24 12:00:00,30.78,1002.6,3.32,49.4
2019-07-24 13:00:00,30.59,1001.9,3.89,56.31
2019-07-24 14:00:00,30.45,1002.0,4.21,70.02
2019-07-24 15:00:00,30.02,1002.3,2.88,90.0
2019-07-24 16:00:00,29.86,1002.1,1.61,116.57
2019-07-24 17:00:00,30.37,1002.2,1.8,90.0
2019-07-24 18:00:00,29.84,1002.7,2.31,51.34
2019-07-24 19:00:00,28.7,1003.2,2.28,18.43
2019-07-24 20:00:00,28.53,1003.8,5.45,97.59
2019-07-24 21:00:00,28.51,1004.6,5.4,90.0
2019-07-24 22:00:00,28.63,1005.0,5.04,90.0
2019-07-24 23:00:00,29.01,1005.3,4.74,81.25
2019-07-25 00:00:00,28.88,1005.1,4.8,77.01
2019-07-25 01:00:00,28.49,1004.9,4.55,71.57
2019-07-25 02:00:00,28.14,1004.4,4.39,55.01
2019-07-25 03:00:00,28.14,1004.3,4.2,59.04
2019-07-25 04:00:00,27.94,1004.5,4.51,61.39
2019-07-25 05:00:00,27.78,1004.6,4.35,65.56
2019-07-25 06:00:00,27.71,1004.5,3.89,56.31
2019-07-25 07:00:00,28.0,1005.2,3.83,41.19
2019-07-25 08:00:00,28.59,1005.8,5.82,68.2
2019-07-25 09:00:00,29.61,1006.0,5.96,64.98
2019-07-25 10:00:00,30.04,1005.2,7.56,90.0
2019-07-25 11:00:00,30.46,1005.0,6.84,90.0
2019-07-25 12:00:00,30.21,1004.3,6.48,90.0
2019-07-25 13:00:00,30.14,1004.3,5.09,98.13
2019-07-25 14:00:00,30.01,1003.7,4.21,109.98
2019-07-25 15:00:00,29.86,1003.9,4.39,124.99
2019-07-25 16:00:00,29.38,1004.1,3.1,125.54
2019-07-25 17:00:00,29.26,1004.5,2.6,123.69
2019-07-25 18:00:00,29.21,1004.6,1.14,161.57
2019-07-25 19:00:00,28.67,1004.7,0.36,180.0
2019-07-25 20:00:00,28.45,1005.0,4.07,135.0
2019-07-25 21:00:00,28.31,1005.5,3.89,123.69
2019-07-25 22:00:00,27.86,1006.1,5.63,116.57
2019-07-25 23:00:00,27.95,1006.4,4.35,114.44
2019-07-26 00:00:00,27.69,1005.4,4.1,105.26
2019-07-26 01:00:00,27.58,1005.4,5.05,94.09
2019-07-26 02:00:00,27.28,1005.0,5.05,85.91
2019-07-26 03:00:00,27.2,1004.7,5.09,81.87
2019-07-26 04:00:00,27.19,1004.9,4.38,80.54
2019-07-26 05:00:00,26.92,1004.5,3.22,63.43
2019-07-26 06:00:00,27.04,1003.9,3.6,53.13
2019-07-26 07:00:00,28.37,1004.8,3.88,68.2
2019-07-26 08:00:00,28.74,1005.1,3.71,60.95
2019-07-26 09:00:00,29.74,1006.0,3.96,90.0
2019-07-26 10:00:00,29.47,1006.0,5.35,109.65
2019-07-26 11:00:00,29.77,1005.4,5.96,115.02
2019-07-26 12:00:00,29.82,1004.6,4.39,124.99
2019-07-26 13:00:00,31.17,1003.6,2.04,135.0
2019-07-26 14:00:00,30.56,1003.9,2.74,156.8
2019-07-26 15:00:00,31.48,1003.1,5.05,175.91
2019-07-26 16:00:00,31.83,1003.0,5.77,183.58
2019-07-26 17:00:00,31.79,1003.1,4.69,184.4
2019-07-26 18:00:00,31.29,1003.0,5.04,180.0
2019-07-26 19:00:00,30.43,1003.1,3.96,180.0
2019-07-26 20:00:00,29.64,1003.6,7.2,143.13
2019-07-26 21:00:00,28.84,1004.1,6.13,130.24
2019-07-26 22:00:00,28.05,1004.7,5.69,124.7
2019-07-26 23:00:00,27.4,1005.3,5.5,121.61
2019-07-27 00:00:00,26.97,1004.5,5.59,104.93
2019-07-27 01:00:00,26.58,1003.7,5.41,93.81
2019-07-27 02:00:00,26.31,1003.3,4.69,94.4
2019-07-27 03:00:00,26.1,1003.1,4.33,85.24
2019-07-27 04:00:00,25.86,1003.0,4.1,74.74
2019-07-27 05:00:00,25.65,1003.3,4.51,61.39
2019-07-27 06:00:00,26.04,1003.5,3.83,41.19
2019-07-27 07:00:00,28.23,1003.6,3.88,68.2
2019-07-27 08:00:00,28.95,1004.9,2.41,63.43
2019-07-27 09:00:00,30.27,1005.5,1.94,111.8
2019-07-27 10:00:00,30.04,1005.3,4.38,170.54
2019-07-27 11:00:00,31.38,1004.3,4.68,180.0
2019-07-27 12:00:00,32.76,1003.1,5.82,201.8
2019-07-27 13:00:00,33.68,1002.5,6.12,208.07
2019-07-27 14:00:00,34.23,1001.7,6.13,220.24
2019-07-27 15:00:00,34.52,1001.1,6.13,220.24
2019-07-27 16:00:00,34.51,1000.8,5.0,210.26
2019-07-27 17:00:00,34.23,1000.9,5.4,180.0
2019-07-27 18:00:00,33.59,1001.5,7.97,161.57
2019-07-27 19:00:00,32.25,1001.8,7.73,152.24
2019-07-27 20:00:00,30.78,1002.8,8.21,142.13
2019-07-27 21:00:00,29.6,1003.6,6.49,146.31
2019-07-27 22:00:00,28.68,1004.6,5.86,137.49
2019-07-27 23:00:00,27.95,1005.2,5.35,137.73
2019-07-28 00:00:00,27.45,1004.4,4.61,128.66
2019-07-28 01:00:00,27.08,1004.0,4.35,114.44
2019-07-28 02:00:00,26.88,1003.6,4.55,108.43
2019-07-28 03:00:00,26.42,1003.5,5.45,97.59
2019-07-28 04:00:00,26.53,1003.7,5.76,90.0
2019-07-28 05:00:00,26.06,1004.2,5.76,90.0
2019-07-28 06:00:00,26.54,1004.5,4.68,90.0
2019-07-28 07:00:00,28.08,1004.3,5.45,97.59
2019-07-28 08:00:00,28.89,1005.4,4.69,85.6
2019-07-28 09:00:00,29.08,1005.9,5.94,104.04
2019-07-28 10:00:00,29.65,1005.2,7.42,140.91
2019-07-28 11:00:00,31.72,1005.1,7.75,158.2
2019-07-28 12:00:00,32.74,1003.8,8.29,182.49
2019-07-28 13:00:00,33.57,1002.6,9.11,198.43
2019-07-28 14:00:00,34.17,1002.2,9.79,197.1
2019-07-28 15:00:00,34.32,1001.6,11.3,189.16
2019-07-28 16:00:00,34.3,1001.6,11.52,180.0
2019-07-28 17:00:00,33.89,1001.7,11.87,165.96
2019-07-28 18:00:00,32.92,1002.3,12.1,157.25
2019-07-28 19:00:00,31.27,1002.6,10.97,156.8
2019-07-28 20:00:00,30.01,1003.6,8.94,139.9
2019-07-28 21:00:00,29.12,1004.7,6.92,141.34
2019-07-28 22:00:00,28.45,1005.2,5.62,140.19
2019-07-28 23:00:00,27.97,1005.7,4.9,126.03
2019-07-29 00:00:00,27.55,1005.4,5.32,118.3
2019-07-29 01:00:00,27.14,1004.5,5.51,101.31
2019-07-29 02:00:00,26.75,1004.1,5.04,90.0
2019-07-29 03:00:00,26.47,1004.1,5.86,100.62
2019-07-29 04:00:00,26.79,1004.3,6.12,90.0
2019-07-29 05:00:00,26.06,1004.3,5.41,86.19
2019-07-29 06:00:00,26.58,1004.2,5.8,82.87
2019-07-29 07:00:00,28.61,1005.1,6.03,107.35
2019-07-29 08:00:00,28.73,1005.4,7.24,116.57
2019-07-29 09:00:00,29.03,1005.8,9.18,138.18
2019-07-29 10:00:00,29.25,1005.8,10.09,145.18
2019-07-29 11:00:00,29.26,1005.3,10.31,155.22
2019-07-29 12:00:00,29.44,1005.0,10.04,165.47
2019-07-29 13:00:00,31.18,1003.7,9.96,167.47
2019-07-29 14:00:00,29.81,1003.0,10.14,173.88
2019-07-29 15:00:00,29.82,1002.7,10.5,174.09
2019-07-29 16:00:00,31.08,1002.8,10.59,170.22
2019-07-29 17:00:00,30.94,1002.7,10.18,171.87
2019-07-29 18:00:00,30.37,1002.9,9.47,171.25
2019-07-29 19:00:00,29.12,1003.4,6.64,167.47
2019-07-29 20:00:00,28.54,1003.7,6.15,159.44
2019-07-29 21:00:00,28.04,1004.7,5.48,156.8
2019-07-29 22:00:00,27.68,1005.3,4.35,155.56
2019-07-29 23:00:00,27.3,1005.2,3.4,147.99
2019-07-30 00:00:00,27.75,1005.5,3.22,116.57
2019-07-30 01:00:00,27.47,1004.5,3.22,116.57
2019-07-30 02:00:00,27.3,1003.9,2.28,108.43
2019-07-30 03:00:00,27.07,1003.4,2.16,90.0
2019-07-30 04:00:00,26.93,1003.4,2.55,45.0
2019-07-30 05:00:00,26.32,1003.8,3.55,23.96
2019-07-30 06:00:00,26.51,1004.1,3.62,5.71
2019-07-30 07:00:00,28.18,1004.2,3.24,360.0
2019-07-30 08:00:00,28.02,1004.3,3.98,5.19
2019-07-30 09:00:00,29.03,1004.7,3.6,360.0
2019-07-30 10:00:00,29.67,1004.7,3.42,341.57
2019-07-30 11:00:00,30.23,1004.3,4.51,331.39
2019-07-30 12:00:00,30.67,1003.3,5.0,329.74
2019-07-30 13:00:00,31.71,1002.6,5.15,335.22
2019-07-30 14:00:00,31.53,1001.7,4.9,342.9
2019-07-30 15:00:00,31.64,1001.4,4.38,350.54
2019-07-30 16:00:00,31.64,1001.4,4.33,355.24
2019-07-30 17:00:00,31.84,1001.0,3.6,360.0
2019-07-30 18:00:00,31.22,1001.5,3.24,360.0
2019-07-30 19:00:00,29.78,1002.2,2.1,210.96
2019-07-30 20:00:00,29.15,1002.7,3.4,212.01
2019-07-30 21:00:00,28.67,1003.6,3.32,220.6
2019-07-30 22:00:00,28.39,1003.7,3.22,243.43
2019-07-30 23:00:00,28.01,1003.8,3.26,263.66
2019-07-31 00:00:00,27.64,1003.3,3.98,275.19
2019-07-31 01:00:00,26.94,1002.5,4.45,284.04
2019-07-31 02:00:00,26.49,1001.9,4.69,302.47
2019-07-31 03:00:00,26.49,1001.7,5.35,312.27
2019-07-31 04:00:00,26.38,1001.6,5.62,320.19
2019-07-31 05:00:00,26.34,1001.6,6.37,317.29
2019-07-31 06:00:00,26.66,1001.9,7.39,316.97
2019-07-31 07:00:00,27.96,1002.2,10.09,325.18
2019-07-31 08:00:00,29.48,1002.5,12.98,340.56
2019-07-31 09:00:00,30.42,1002.3,17.02,353.93
2019-07-31 10:00:00,29.48,1002.6,17.29,2.39
2019-07-31 11:00:00,29.81,1002.1,17.16,9.66
2019-07-31 12:00:00,30.02,1001.7,14.97,9.69
2019-07-31 13:00:00,30.87,1000.9,14.83,5.57
2019-07-31 14:00:00,31.01,1000.2,14.42,357.14
2019-07-31 15:00:00,30.92,999.9,14.69,348.69
2019-07-31 16:00:00,30.84,1000.1,13.32,341.08
2019-07-31 17:00:00,30.98,1000.1,13.05,335.56
2019-07-31 18:00:00,29.9,1000.4,9.89,326.89
2019-07-31 19:00:00,28.62,1002.0,8.4,316.74
2019-07-31 20:00:00,27.86,1002.5,8.21,307.87
2019-07-31 21:00:00,27.26,1003.2,7.99,305.84
2019-07-31 22:00:00,26.68,1003.6,7.93,309.47
2019-07-31 23:00:00,26.2,1003.5,7.65,311.19
2019-08-01 00:00:00,25.76,1003.1,7.42,309.09
2019-08-01 01:00:00,25.34,1002.0,7.7,307.41
2019-08-01 02:00:00,24.95,1001.3,7.7,307.41
2019-08-01 03:00:00,24.69,1001.2,7.7,307.41
2019-08-01 04:00:00,24.64,1001.3,7.93,309.47
2019-08-01 05:00:00,24.51,1001.7,7.42,309.09
2019-08-01 06:00:00,24.71,1001.9,7.15,310.91
2019-08-01 07:00:00,26.74,1001.9,9.0,306.87
2019-08-01 08:00:00,28.85,1001.8,10.7,312.27
2019-08-01 09:00:00,30.55,1001.8,12.74,317.29
2019-08-01 10:00:00,31.85,1001.4,14.69,329.04
2019-08-01 11:00:00,32.64,1001.1,17.31,343.07
2019-08-01 12:00:00,32.49,1000.5,17.03,346.55
2019-08-01 13:00:00,31.65,999.8,16.18,339.15
2019-08-01 14:00:00,30.54,999.5,15.58,326.31
2019-08-01 15:00:00,30.03,999.1,16.3,313.21
2019-08-01 16:00:00,29.78,998.9,15.63,298.93
2019-08-01 17:00:00,29.77,998.7,13.38,293.81
2019-08-01 18:00:00,29.12,999.0,11.59,295.77
2019-08-01 19:00:00,29.09,998.5,6.61,299.36
2019-08-01 20:00:00,28.05,999.4,6.79,302.01
2019-08-01 21:00:00,27.03,1000.7,6.83,288.43
2019-08-01 22:00:00,26.18,1000.8,8.05,280.3
2019-08-01 23:00:00,25.32,1000.2,10.18,278.13
2019-08-02 00:00:00,24.8,999.8,11.87,284.04
2019-08-02 01:00:00,24.58,998.7,12.18,288.97
2019-08-02 02:00:00,24.6,998.0,11.18,284.93
2019-08-02 03:00:00,24.71,997.4,10.04,284.53
2019-08-02 04:00:00,24.85,997.4,9.57,289.8
2019-08-02 05:00:00,24.74,997.8,10.14,297.47
2019-08-02 06:00:00,24.48,998.1,11.44,298.18
2019-08-02 07:00:00,24.65,998.7,14.17,297.22
2019-08-02 08:00:00,25.99,998.8,17.78,301.76
2019-08-02 09:00:00,27.4,998.9,22.55,308.52
2019-08-02 10:00:00,29.2,998.8,25.96,315.0
2019-08-02 11:00:00,30.35,998.6,26.87,320.98
2019-08-02 12:00:00,28.56,998.3,25.31,320.19
2019-08-02 13:00:00,30.32,997.6,27.27,317.68
2019-08-02 14:00:00,31.38,996.4,28.17,321.23
2019-08-02 15:00:00,31.84,995.8,27.37,324.64
2019-08-02 16:00:00,30.25,996.2,24.46,327.01
2019-08-02 17:00:00,31.29,996.5,24.46,327.01
2019-08-02 18:00:00,30.47,997.4,21.49,328.71
2019-08-02 19:00:00,29.9,997.9,5.4,306.87
2019-08-02 20:00:00,29.14,998.4,5.35,289.65
2019-08-02 21:00:00,28.71,999.0,6.21,280.01
2019-08-02 22:00:00,28.22,999.2,7.99,277.77
2019-08-02 23:00:00,27.72,998.9,9.47,278.75
2019-08-03 00:00:00,27.2,998.3,11.21,275.53
2019-08-03 01:00:00,26.67,997.0,13.44,277.7
2019-08-03 02:00:00,26.34,996.2,16.24,282.8
2019-08-03 03:00:00,25.72,995.9,18.0,286.26
2019-08-03 04:00:00,25.24,996.2,18.33,289.5
2019-08-03 05:00:00,25.11,996.6,16.97,287.28
2019-08-03 06:00:00,25.17,996.7,15.19,283.71
2019-08-03 07:00:00,26.06,996.3,15.19,283.71
2019-08-03 08:00:00,26.85,996.2,14.41,282.99
2019-08-03 09:00:00,26.74,996.4,13.01,284.42
2019-08-03 10:00:00,26.27,996.8,11.53,284.47
2019-08-03 11:00:00,25.86,996.8,10.04,284.53
2019-08-03 12:00:00,25.86,996.6,7.77,283.39
2019-08-03 13:00:00,25.85,996.0,5.59,284.93
2019-08-03 14:00:00,25.88,995.5,3.22,296.57
2019-08-03 15:00:00,25.88,995.1,1.84,348.69
2019-08-03 16:00:00,25.94,995.3,2.81,39.81
2019-08-03 17:00:00,25.95,995.6,3.83,48.81
2019-08-03 18:00:00,26.06,996.5,4.69,57.53
2019-08-03 19:00:00,25.29,996.5,5.62,39.81
2019-08-03 20:00:00,25.29,996.8,5.35,47.73
2019-08-03 21:00:00,25.32,997.7,5.9,52.43
2019-08-03 22:00:00,25.36,998.3,5.86,47.49
2019-08-03 23:00:00,25.38,998.6,5.4,36.87
2019-08-04 00:00:00,25.38,998.7,5.5,31.61
2019-08-04 01:00:00,25.35,997.6,5.48,23.2
2019-08-04 02:00:00,25.31,996.8,5.35,19.65
2019-08-04 03:00:00,25.28,996.4,5.59,14.93
2019-08-04 04:00:00,25.25,996.8,5.24,15.95
2019-08-04 05:00:00,25.22,997.7,5.59,14.93
2019-08-04 06:00:00,25.22,998.2,5.48,23.2
2019-08-04 07:00:00,25.34,998.9,5.82,21.8
2019-08-04 08:00:00,25.8,999.0,6.62,22.38
2019-08-04 09:00:00,26.36,999.5,6.62,22.38
2019-08-04 10:00:00,26.87,999.8,7.17,17.53
2019-08-04 11:00:00,26.96,1000.0,7.95,5.19
2019-08-04 12:00:00,27.01,1000.1,9.01,2.29
2019-08-04 13:00:00,27.02,999.6,9.37,357.8
2019-08-04 14:00:00,26.96,999.3,10.45,358.03
2019-08-04 15:00:00,26.74,999.1,10.5,354.09
2019-08-04 16:00:00,26.6,999.2,10.5,354.09
2019-08-04 17:00:00,26.91,999.6,10.24,349.88
2019-08-04 18:00:00,26.29,1000.0,8.83,348.23
2019-08-04 19:00:00,26.6,1001.1,3.6,360.0
2019-08-04 20:00:00,26.58,1001.5,2.97,345.96
2019-08-04 21:00:00,26.01,1001.8,3.22,333.43
2019-08-04 22:00:00,26.16,1002.1,3.89,326.31
2019-08-04 23:00:00,26.2,1002.3,4.1,322.13
2019-08-05 00:00:00,26.16,1002.1,3.89,326.31
2019-08-05 01:00:00,26.03,1001.3,4.02,333.43
2019-08-05 02:00:00,25.9,1000.2,4.1,344.74
2019-08-05 03:00:00,25.75,1000.0,4.38,350.54
2019-08-05 04:00:00,25.72,1000.4,4.68,360.0
2019-08-05 05:00:00,25.69,1001.3,4.33,4.76
2019-08-05 06:00:00,25.78,1001.9,3.98,5.19
2019-08-05 07:00:00,26.57,1002.1,4.45,14.04
2019-08-05 08:00:00,26.94,1002.2,6.12,28.07
2019-08-05 09:00:00,26.9,1002.8,5.63,26.57
2019-08-05 10:00:00,26.88,1003.3,5.8,7.13
2019-08-05 11:00:00,26.76,1003.6,6.48,360.0
2019-08-05 12:00:00,26.65,1003.3,6.12,360.0
2019-08-05 13:00:00,26.55,1002.7,6.12,360.0
2019-08-05 14:00:00,26.38,1002.2,6.13,356.63
2019-08-05 15:00:00,26.27,1001.7,5.94,345.96
2019-08-05 16:00:00,26.15,1001.9,5.82,338.2
2019-08-05 17:00:00,26.08,1002.5,6.44,333.43
2019-08-05 18:00:00,25.87,1003.3,7.1,329.53
2019-08-05 19:00:00,27.91,1004.0,3.4,327.99
2019-08-05 20:00:00,27.53,1004.3,3.1,324.46
2019-08-05 21:00:00,27.06,1004.6,3.32,319.4
2019-08-05 22:00:00,26.83,1005.1,4.07,315.0
2019-08-05 23:00:00,26.68,1004.9,4.61,321.34
2019-08-06 00:00:00,26.49,1004.6,4.84,318.01
2019-08-06 01:00:00,26.25,1003.6,4.84,318.01
2019-08-06 02:00:00,25.66,1002.9,4.9,323.97
2019-08-06 03:00:00,25.35,1002.3,5.19,326.31
2019-08-06 04:00:00,25.22,1002.6,4.69,327.53
2019-08-06 05:00:00,24.98,1003.1,4.69,327.53
2019-08-06 06:00:00,25.41,1003.6,4.61,321.34
2019-08-06 07:00:00,27.02,1003.9,5.5,328.39
2019-08-06 08:00:00,28.53,1003.7,6.12,331.93
2019-08-06 09:00:00,29.91,1003.8,6.12,331.93
2019-08-06 10:00:00,29.83,1003.6,6.15,339.44
2019-08-06 11:00:00,29.27,1003.8,5.96,334.98
2019-08-06 12:00:00,28.76,1003.6,5.09,315.0
2019-08-06 13:00:00,29.35,1002.9,5.0,300.26
2019-08-06 14:00:00,30.74,1002.3,4.35,294.44
2019-08-06 15:00:00,31.2,1001.2,4.21,289.98
2019-08-06 16:00:00,31.22,1001.2,4.9,287.1
2019-08-06 17:00:00,30.22,1001.3,4.38,279.46
2019-08-06 18:00:00,29.78,1001.8,3.98,275.19
2019-08-06 19:00:00,29.02,1003.4,4.83,243.43
2019-08-06 20:00:00,28.59,1003.2,4.21,250.02
2019-08-06 21:00:00,28.19,1003.5,3.62,264.29
2019-08-06 22:00:00,27.65,1003.9,3.6,270.0
2019-08-06 23:00:00,27.17,1003.8,3.67,281.31
2019-08-07 00:00:00,26.69,1003.5,4.21,289.98
2019-08-07 01:00:00,26.25,1002.7,4.2,300.96
2019-08-07 02:00:00,25.84,1002.2,4.1,307.87
2019-08-07 03:00:00,25.46,1001.4,4.1,307.87
2019-08-07 04:00:00,25.15,1001.6,4.1,307.87
2019-08-07 05:00:00,24.91,1002.1,4.1,307.87
2019-08-07 06:00:00,25.1,1002.5,4.07,315.0
2019-08-07 07:00:00,26.96,1002.7,4.84,311.99
2019-08-07 08:00:00,28.85,1002.7,6.41,308.16
2019-08-07 09:00:00,30.35,1002.2,6.99,304.51
2019-08-07 10:00:00,31.76,1002.1,8.59,303.02
2019-08-07 11:00:00,32.67,1001.7,8.21,307.87
2019-08-07 12:00:00,33.34,1000.8,6.92,308.66
2019-08-07 13:00:00,33.83,1000.2,6.49,303.69
2019-08-07 14:00:00,34.13,999.3,5.35,289.65
2019-08-07 15:00:00,34.19,998.3,4.74,278.75
2019-08-07 16:00:00,34.01,998.1,4.32,270.0
2019-08-07 17:00:00,33.64,998.1,4.33,265.24
2019-08-07 18:00:00,33.04,998.4,3.55,246.04
2019-08-07 19:00:00,32.43,998.8,5.41,183.81
2019-08-07 20:00:00,31.59,998.9,6.12,151.93
2019-08-07 21:00:00,30.6,999.4,5.96,154.98
2019-08-07 22:00:00,29.54,999.7,6.15,159.44
2019-08-07 23:00:00,28.65,1001.2,5.82,158.2
2019-08-08 00:00:00,28.03,1000.7,5.32,151.7
2019-08-08 01:00:00,27.56,1000.2,4.69,147.53
2019-08-08 02:00:00,27.21,999.5,3.83,131.19
2019-08-08 03:00:00,26.91,998.8,3.55,113.96
2019-08-08 04:00:00,26.73,998.4,3.26,96.34
2019-08-08 05:00:00,26.54,998.5,3.32,77.47
2019-08-08 06:00:00,26.82,998.7,3.1,54.46
2019-08-08 07:00:00,28.84,999.1,1.8,53.13
2019-08-08 08:00:00,30.71,999.7,0.72,360.0
2019-08-08 09:00:00,32.13,1000.0,1.84,258.69
2019-08-08 10:00:00,32.96,999.8,6.3,300.96
2019-08-08 11:00:00,31.36,1001.2,5.4,306.87
2019-08-08 12:00:00,33.08,999.6,4.02,296.57
2019-08-08 13:00:00,34.16,998.7,2.81,320.19
2019-08-08 14:00:00,34.46,998.2,4.02,333.43
2019-08-08 15:00:00,34.36,998.1,4.1,344.74
2019-08-08 16:00:00,34.16,997.6,3.88,338.2
2019-08-08 17:00:00,33.77,997.8,2.41,333.43
2019-08-08 18:00:00,33.14,998.7,1.14,288.43
2019-08-08 19:00:00,31.91,999.4,2.16,270.0
2019-08-08 20:00:00,31.56,999.6,3.89,123.69
2019-08-08 21:00:00,31.16,1000.4,4.33,138.37
2019-08-08 22:00:00,30.62,1000.7,3.88,158.2
2019-08-08 23:00:00,30.1,1000.7,3.62,174.29
2019-08-09 00:00:00,29.94,1000.6,2.97,165.96
2019-08-09 01:00:00,29.5,1000.4,2.97,165.96
2019-08-09 02:00:00,29.15,1000.2,1.94,201.8
2019-08-09 03:00:00,28.95,1000.1,2.52,270.0
2019-08-09 04:00:00,28.74,1000.0,4.35,294.44
2019-08-09 05:00:00,28.51,999.6,4.51,298.61
2019-08-09 06:00:00,28.25,999.6,4.21,289.98
2019-08-09 07:00:00,28.86,999.9,4.83,296.57
2019-08-09 08:00:00,30.3,1000.0,7.65,318.81
2019-08-09 09:00:00,30.96,1000.7,8.91,313.36
2019-08-09 10:00:00,31.29,1000.6,9.42,316.55
2019-08-09 11:00:00,32.12,1000.9,6.79,327.99
2019-08-09 12:00:00,32.63,1000.2,5.24,344.05
2019-08-09 13:00:00,34.11,999.0,5.94,345.96
2019-08-09 14:00:00,34.43,998.5,7.42,345.96
2019-08-09 15:00:00,34.0,998.1,7.99,352.23
2019-08-09 16:00:00,33.3,998.3,6.21,349.99
2019-08-09 17:00:00,33.32,998.5,5.51,348.69
2019-08-09 18:00:00,32.46,999.0,3.05,315.0
2019-08-09 19:00:00,31.16,999.5,3.6,270.0
2019-08-09 20:00:00,30.84,999.6,2.9,172.87
2019-08-09 21:00:00,30.49,1000.4,3.98,185.19
2019-08-09 22:00:00,30.13,1000.9,3.98,185.19
2019-08-09 23:00:00,29.8,1001.6,4.02,190.3
2019-08-10 00:00:00,29.18,1001.3,3.32,192.53
2019-08-10 01:00:00,28.73,1000.5,2.62,195.95
2019-08-10 02:00:00,28.36,999.6,1.94,201.8
2019-08-10 03:00:00,27.96,999.1,1.3,213.69
2019-08-10 04:00:00,27.61,999.3,0.8,206.57
2019-08-10 05:00:00,27.3,999.1,0.51,225.0
2019-08-10 06:00:00,27.34,999.6,0.8,243.43
2019-08-10 07:00:00,29.17,1000.3,0.8,206.57
2019-08-10 08:00:00,31.09,1000.7,4.1,322.13
2019-08-10 09:00:00,32.5,1000.9,3.83,311.19
2019-08-10 10:00:00,33.21,1000.8,4.84,311.99
2019-08-10 11:00:00,34.48,1000.1,4.68,292.62
2019-08-10 12:00:00,34.88,999.1,3.26,263.66
2019-08-10 13:00:00,34.66,999.0,2.04,225.0
2019-08-10 14:00:00,33.43,998.9,3.22,206.57
2019-08-10 15:00:00,34.4,998.2,4.69,212.47
2019-08-10 16:00:00,34.32,997.7,5.5,211.61
2019-08-10 17:00:00,34.01,998.1,5.96,205.02
2019-08-10 18:00:00,33.08,998.7,6.92,188.97
2019-08-10 19:00:00,31.73,999.5,7.21,182.86
2019-08-10 20:00:00,30.66,1000.2,7.63,160.71
2019-08-10 21:00:00,29.72,1001.2,7.42,165.96
2019-08-10 22:00:00,28.89,1002.4,6.64,167.47
2019-08-10 23:00:00,28.16,1002.8,5.59,165.07
2019-08-11 00:00:00,27.74,1001.7,4.35,155.56
2019-08-11 01:00:00,27.48,1001.0,3.32,130.6
2019-08-11 02:00:00,27.13,1000.0,2.74,113.2
2019-08-11 03:00:00,26.93,999.7,2.19,99.46
2019-08-11 04:00:00,26.75,999.6,2.16,90.0
2019-08-11 05:00:00,26.5,999.8,2.62,74.05
2019-08-11 06:00:00,26.72,1000.8,4.02,100.3
2019-08-11 07:00:00,28.74,1001.6,5.35,132.27
2019-08-11 08:00:00,30.61,1001.3,1.3,303.69
2019-08-11 09:00:00,32.04,1000.9,2.28,288.43
2019-08-11 10:00:00,33.36,1001.3,1.3,236.31
2019-08-11 11:00:00,34.38,1000.0,2.1,210.96
2019-08-11 12:00:00,35.19,999.7,2.28,251.57
2019-08-11 13:00:00,35.55,999.2,5.0,239.74
2019-08-11 14:00:00,33.95,999.2,6.88,222.88
2019-08-11 15:00:00,34.67,999.0,6.44,206.57
2019-08-11 16:00:00,34.56,998.9,6.57,189.46
2019-08-11 17:00:00,34.15,999.6,9.0,180.0
2019-08-11 18:00:00,33.05,1000.0,8.29,177.51
2019-08-11 19:00:00,31.46,1000.5,7.42,165.96
2019-08-11 20:00:00,30.38,1000.6,6.64,167.47
2019-08-11 21:00:00,29.71,1001.0,5.59,165.07
2019-08-11 22:00:00,29.12,1001.6,5.32,151.7
2019-08-11 23:00:00,28.57,1001.5,5.12,140.71
2019-08-12 00:00:00,28.08,1001.1,5.12,129.29
2019-08-12 01:00:00,27.68,1000.5,4.9,126.03
2019-08-12 02:00:00,27.41,1000.0,4.35,114.44
2019-08-12 03:00:00,27.16,999.4,3.96,90.0
2019-08-12 04:00:00,26.93,999.7,3.88,68.2
2019-08-12 05:00:00,26.72,1000.3,3.32,40.6
2019-08-12 06:00:00,27.05,1001.2,4.02,63.43
2019-08-12 07:00:00,29.1,1001.5,4.33,94.76
2019-08-12 08:00:00,30.74,1001.8,2.6,213.69
2019-08-12 09:00:00,31.86,1001.7,4.02,243.43
2019-08-12 10:00:00,32.62,1002.0,4.21,250.02
2019-08-12 11:00:00,34.57,1001.6,3.24,270.0
2019-08-12 12:00:00,35.59,1000.8,2.1,30.96
2019-08-12 13:00:00,34.09,1000.6,2.28,108.43
2019-08-12 14:00:00,34.32,1000.6,6.52,173.66
2019-08-12 15:00:00,33.55,999.7,8.28,180.0
2019-08-12 16:00:00,32.42,999.8,8.65,182.39
2019-08-12 17:00:00,33.0,1000.0,9.42,186.58
2019-08-12 18:00:00,31.88,1000.0,7.2,180.0
2019-08-12 19:00:00,31.01,1000.2,6.29,166.76
2019-08-12 20:00:00,30.35,1000.7,7.42,157.17
2019-08-12 21:00:00,29.88,1000.5,5.86,132.51
2019-08-12 22:00:00,29.54,1001.5,5.63,116.57
2019-08-12 23:00:00,29.33,1001.9,5.48,113.2
2019-08-13 00:00:00,28.94,1001.0,5.05,94.09
2019-08-13 01:00:00,28.62,999.9,3.96,90.0
2019-08-13 02:00:00,28.33,999.4,4.21,70.02
2019-08-13 03:00:00,27.88,998.9,4.1,52.13
2019-08-13 04:00:00,27.57,999.2,3.83,48.81
2019-08-13 05:00:00,27.37,1000.1,3.6,53.13
2019-08-13 06:00:00,27.65,1000.9,3.1,54.46
2019-08-13 07:00:00,29.68,1001.3,4.32,90.0
2019-08-13 08:00:00,31.02,1001.5,2.52,270.0
2019-08-13 09:00:00,31.51,1001.5,4.32,270.0
2019-08-13 10:00:00,31.6,1001.2,6.29,256.76
2019-08-13 11:00:00,31.64,1001.4,8.12,257.2
2019-08-13 12:00:00,32.5,1000.4,6.38,286.39
2019-08-13 13:00:00,32.63,1000.3,6.52,263.66
2019-08-13 14:00:00,34.78,999.3,6.49,250.56
2019-08-13 15:00:00,35.16,999.0,8.29,235.62
2019-08-13 16:00:00,35.01,999.1,9.09,236.31
2019-08-13 17:00:00,34.6,999.4,8.44,230.19
2019-08-13 18:00:00,33.48,999.7,6.49,199.44
2019-08-13 19:00:00,32.23,1000.2,6.85,183.01
2019-08-13 20:00:00,31.33,1000.7,6.48,180.0
2019-08-13 21:00:00,30.71,1001.4,5.77,176.42
2019-08-13 22:00:00,30.14,1001.8,5.15,167.91
2019-08-13 23:00:00,29.57,1001.9,4.9,162.9
2019-08-27 00:00:00,27.12,1003.9,3.67,101.31
2019-08-27 01:00:00,26.84,1003.3,3.26,96.34
2019-08-27 02:00:00,26.65,1002.8,2.16,90.0
2019-08-27 03:00:00,26.49,1002.6,1.94,68.2
2019-08-27 04:00:00,26.49,1002.7,2.31,38.66
2019-08-27 05:00:00,26.26,1003.1,2.81,39.81
2019-08-27 06:00:00,26.38,1003.5,2.81,39.81
2019-08-27 07:00:00,27.87,1003.9,2.74,66.8
2019-08-27 08:00:00,28.28,1003.9,3.98,95.19
2019-08-27 09:00:00,28.44,1004.3,6.12,118.07
2019-08-27 10:00:00,29.01,1004.2,8.5,126.38
2019-08-27 11:00:00,29.62,1004.2,9.89,123.11
2019-08-27 12:00:00,29.77,1003.8,10.99,121.61
2019-08-27 13:00:00,29.65,1003.6,11.75,117.35
2019-08-27 14:00:00,29.89,1003.1,11.92,115.02
2019-08-27 15:00:00,29.36,1003.1,11.5,110.14
2019-08-27 16:00:00,28.7,1003.3,11.3,99.16
2019-08-27 17:00:00,28.11,1003.7,10.11,94.09
2019-08-27 18:00:00,27.42,1004.1,7.2,90.0
2019-08-27 19:00:00,28.3,1006.1,4.45,104.04
2019-08-27 20:00:00,27.72,1006.9,3.42,108.43
2019-08-27 21:00:00,27.34,1007.7,3.42,108.43
2019-08-27 22:00:00,27.07,1008.6,3.55,113.96
2019-08-27 23:00:00,26.78,1008.8,3.42,108.43
2019-08-28 00:00:00,26.49,1008.2,3.24,90.0
2019-08-28 01:00:00,26.21,1007.3,3.67,78.69
2019-08-28 02:00:00,26.02,1007.3,3.55,66.04
2019-08-28 03:00:00,25.77,1007.1,3.22,63.43
2019-08-28 04:00:00,25.68,1007.6,2.74,66.8
2019-08-28 05:00:00,25.68,1008.3,2.1,59.04
2019-08-28 06:00:00,25.74,1008.8,1.84,11.31
2019-08-28 07:00:00,26.38,1009.1,2.97,14.04
2019-08-28 08:00:00,26.54,1009.3,4.38,9.46
2019-08-28 09:00:00,27.29,1009.5,5.05,355.91
2019-08-28 10:00:00,27.74,1009.7,5.94,345.96
2019-08-28 11:00:00,28.09,1009.5,6.83,341.57
2019-08-28 12:00:00,28.29,1008.7,7.09,336.04
2019-08-28 13:00:00,28.46,1007.8,6.61,330.64
2019-08-28 14:00:00,29.89,1007.0,6.19,324.46
2019-08-28 15:00:00,29.2,1006.2,5.86,317.49
2019-08-28 16:00:00,29.0,1006.4,5.09,315.0
2019-08-28 17:00:00,29.0,1006.5,4.33,311.63
2019-08-28 18:00:00,28.53,1006.8,3.42,288.43
2019-08-28 19:00:00,28.51,1006.8,4.32,270.0
2019-08-28 20:00:00,27.99,1007.4,4.74,261.25
2019-08-28 21:00:00,27.53,1007.8,4.74,261.25
2019-08-28 22:00:00,27.1,1008.0,5.04,270.0
2019-08-28 23:00:00,26.51,1008.0,5.86,280.62
2019-08-29 00:00:00,25.87,1007.3,6.15,290.56
2019-08-29 01:00:00,25.37,1006.6,5.8,299.74
2019-08-29 02:00:00,24.94,1005.5,5.99,302.74
2019-08-29 03:00:00,24.6,1004.8,5.9,307.57
2019-08-29 04:00:00,24.36,1005.0,6.13,310.24
2019-08-29 05:00:00,24.12,1005.3,6.11,315.0
2019-08-29 06:00:00,24.45,1005.5,6.62,315.0
2019-08-29 07:00:00,26.86,1005.5,7.13,315.0
2019-08-29 08:00:00,29.0,1005.5,9.69,318.01
2019-08-29 09:00:00,30.61,1004.9,11.3,329.35
2019-08-29 10:00:00,32.01,1004.3,14.49,345.62
2019-08-29 11:00:00,33.1,1003.9,17.29,357.61
2019-08-29 12:00:00,33.58,1003.3,17.28,1.19
2019-08-29 13:00:00,33.81,1002.4,17.06,7.28
2019-08-29 14:00:00,32.9,1001.7,15.04,11.04
2019-08-29 15:00:00,32.48,1001.4,12.66,14.83
2019-08-29 16:00:00,32.19,1001.4,9.0,16.26
2019-08-29 17:00:00,32.79,1001.3,8.35,7.43
2019-08-29 18:00:00,31.4,1001.5,6.13,356.63
2019-08-29 19:00:00,30.22,1001.8,10.7,19.65
2019-08-29 20:00:00,28.83,1002.4,9.61,12.99
2019-08-29 21:00:00,28.08,1003.1,9.03,4.57
2019-08-29 22:00:00,27.36,1003.3,8.64,360.0
2019-08-29 23:00:00,26.79,1003.2,8.65,357.61
2019-08-30 00:00:00,26.86,1003.0,8.28,360.0
2019-08-30 01:00:00,26.64,1002.3,7.2,360.0
2019-08-30 02:00:00,26.75,1001.5,6.52,353.66
2019-08-30 03:00:00,26.55,1001.3,6.52,353.66
2019-08-30 04:00:00,26.46,1001.6,6.52,353.66
2019-08-30 05:00:00,26.43,1001.9,7.24,354.29
2019-08-30 06:00:00,26.55,1001.9,7.93,357.4
2019-08-30 07:00:00,27.16,1002.2,9.75,4.24
2019-08-30 08:00:00,27.91,1002.6,14.84,14.04
2019-08-30 09:00:00,28.35,1002.7,17.78,21.37
2019-08-30 10:00:00,28.21,1002.8,17.23,26.03
2019-08-30 11:00:00,27.71,1002.7,16.49,31.61
2019-08-30 12:00:00,27.54,1002.3,14.9,37.15
2019-08-30 13:00:00,27.74,1001.4,14.9,37.15
2019-08-30 14:00:00,28.12,1000.5,14.28,33.69
2019-08-30 15:00:00,29.13,1000.2,14.97,27.18
2019-08-30 16:00:00,29.16,1000.2,17.71,26.57
2019-08-30 17:00:00,30.4,1000.3,19.32,26.57
2019-08-30 18:00:00,29.44,1000.8,16.27,24.86
2019-08-30 19:00:00,27.52,1003.5,5.09,45.0
2019-08-30 20:00:00,27.41,1003.8,4.83,26.57
2019-08-30 21:00:00,26.84,1004.4,4.9,17.1
2019-08-30 22:00:00,26.49,1004.9,5.09,8.13
2019-08-30 23:00:00,26.04,1005.2,5.09,8.13
2019-08-31 00:00:00,25.74,1004.4,5.45,7.59
2019-08-31 01:00:00,25.1,1003.5,5.8,7.13
2019-08-31 02:00:00,24.65,1002.6,5.76,360.0
2019-08-31 03:00:00,24.31,1002.5,6.13,356.63
2019-08-31 04:00:00,24.33,1002.4,5.51,348.69
2019-08-31 05:00:00,24.19,1003.1,5.15,347.91
2019-08-31 06:00:00,24.46,1003.9,5.51,348.69
2019-08-31 07:00:00,26.59,1004.3,6.92,351.03
2019-08-31 08:00:00,27.05,1004.3,8.31,355.03
2019-08-31 09:00:00,27.45,1004.3,8.28,360.0
2019-08-31 10:00:00,27.91,1004.6,7.59,5.44
2019-08-31 11:00:00,28.38,1004.4,8.12,12.8
2019-08-31 12:00:00,29.06,1004.0,8.65,16.93
2019-08-31 13:00:00,29.5,1003.3,9.36,22.62
2019-08-31 14:00:00,29.47,1002.7,9.36,22.62
2019-08-31 15:00:00,28.98,1002.5,9.35,15.64
2019-08-31 16:00:00,28.56,1003.0,8.71,7.13
2019-08-31 17:00:00,28.45,1003.3,8.65,357.61
2019-08-31 18:00:00,27.66,1004.0,6.38,343.61
2019-08-31 19:00:00,27.09,1005.4,6.12,331.93
2019-08-31 20:00:00,26.76,1005.9,6.19,324.46
2019-08-31 21:00:00,26.43,1006.4,5.86,317.49
2019-08-31 22:00:00,26.13,1006.8,5.86,312.51
2019-08-31 23:00:00,25.88,1006.7,5.9,307.57
2019-09-01 00:00:00,25.69,1006.4,5.99,302.74
2019-09-01 01:00:00,25.47,1005.3,6.44,296.57
2019-09-01 02:00:00,25.25,1004.5,6.95,291.25
2019-09-01 03:00:00,25.07,1004.3,7.63,289.29
2019-09-01 04:00:00,24.75,1004.1,7.75,291.8
2019-09-01 05:00:00,24.43,1004.6,7.29,290.22
2019-09-01 06:00:00,24.18,1005.4,7.24,296.57
2019-09-01 07:00:00,24.12,1006.0,7.59,301.43
2019-09-01 08:00:00,24.0,1006.1,8.5,306.38
2019-09-01 09:00:00,24.15,1006.3,9.22,308.66
2019-09-01 10:00:00,24.08,1006.3,9.93,313.53
2019-09-01 11:00:00,24.26,1006.2,10.46,319.18
2019-09-01 12:00:00,24.71,1005.8,9.79,323.97
2019-09-01 13:00:00,24.87,1005.3,8.59,326.98
2019-09-01 14:00:00,24.87,1004.6,7.1,329.53
2019-09-01 15:00:00,24.89,1004.4,7.1,329.53
2019-09-01 16:00:00,25.01,1004.4,7.41,330.95
2019-09-01 17:00:00,25.18,1004.4,7.29,327.09
2019-09-01 18:00:00,25.3,1004.7,6.3,329.04
2019-09-01 19:00:00,26.9,1006.6,7.29,339.78
2019-09-01 20:00:00,26.4,1006.8,6.41,321.84
2019-09-01 21:00:00,26.02,1006.7,6.92,321.34
2019-09-01 22:00:00,25.84,1007.1,7.15,319.09
2019-09-01 23:00:00,25.95,1007.1,7.64,315.0
2019-09-02 00:00:00,25.83,1006.8,7.9,313.15
2019-09-02 01:00:00,25.39,1006.1,8.15,315.0
2019-09-02 02:00:00,25.03,1005.4,8.4,316.74
2019-09-02 03:00:00,24.73,1004.7,8.94,319.9
2019-09-02 04:00:00,24.51,1005.0,9.69,318.01
2019-09-02 05:00:00,24.33,1005.5,10.46,319.18
2019-09-02 06:00:00,24.2,1006.0,11.25,320.19
2019-09-02 07:00:00,25.48,1006.1,13.68,324.64
2019-09-02 08:00:00,27.52,1006.1,18.92,338.81
2019-09-02 09:00:00,29.2,1006.2,23.51,348.52
2019-09-02 10:00:00,30.8,1006.1,25.92,360.0
2019-09-02 11:00:00,31.99,1005.7,26.17,7.91
2019-09-02 12:00:00,32.94,1004.8,26.02,14.42
2019-09-02 13:00:00,31.7,1004.1,25.05,18.43
2019-09-02 14:00:00,31.39,1003.6,22.55,19.59
2019-09-02 15:00:00,31.03,1003.3,20.15,18.76
2019-09-02 16:00:00,31.18,1003.0,18.35,15.95
2019-09-02 17:00:00,30.8,1003.0,17.65,11.77
2019-09-02 18:00:00,29.39,1003.6,13.44,7.7
2019-09-02 19:00:00,28.81,1004.5,15.82,11.82
2019-09-02 20:00:00,27.79,1005.4,14.11,5.86
2019-09-02 21:00:00,26.7,1006.1,13.68,360.0
2019-09-02 22:00:00,26.02,1006.2,12.07,349.7
2019-09-02 23:00:00,25.86,1005.8,10.83,344.58
2019-09-03 00:00:00,25.65,1005.4,9.57,340.2
2019-09-03 01:00:00,25.6,1004.6,8.43,340.02
2019-09-03 02:00:00,25.13,1004.2,8.31,342.35
2019-09-03 03:00:00,24.59,1004.3,9.11,341.57
2019-09-03 04:00:00,24.25,1004.6,10.59,342.18
2019-09-03 05:00:00,24.12,1005.0,12.66,345.17
2019-09-03 06:00:00,24.13,1005.3,14.69,348.69
2019-09-03 07:00:00,26.17,1005.3,17.82,351.87
2019-09-03 08:00:00,27.89,1005.6,22.68,359.09
2019-09-03 09:00:00,29.18,1005.8,23.86,5.19
2019-09-03 10:00:00,29.33,1006.0,22.42,5.53
2019-09-03 11:00:00,29.49,1005.7,20.88,360.0
2019-09-03 12:00:00,29.83,1004.8,21.29,356.12
2019-09-03 13:00:00,30.55,1003.9,23.54,353.85
2019-09-03 14:00:00,31.03,1003.0,24.97,354.21
2019-09-03 15:00:00,30.98,1002.4,24.93,355.03
2019-09-03 16:00:00,30.74,1002.2,25.62,355.97
2019-09-03 17:00:00,30.28,1002.0,23.86,354.81
2019-09-03 18:00:00,28.78,1002.5,17.16,350.34
2019-09-03 19:00:00,27.61,1004.0,13.49,350.79
2019-09-03 20:00:00,26.62,1004.4,11.79,347.66
2019-09-03 21:00:00,25.85,1004.6,11.28,343.3
2019-09-03 22:00:00,25.23,1004.7,10.46,333.43
2019-09-03 23:00:00,24.71,1004.7,10.46,333.43
2019-09-04 00:00:00,24.19,1003.9,9.98,334.36
2019-09-04 01:00:00,23.83,1003.2,9.98,334.36
2019-09-04 02:00:00,23.8,1002.7,11.11,335.1
2019-09-04 03:00:00,24.05,1002.5,12.64,340.02
2019-09-04 04:00:00,24.09,1002.8,12.76,343.61
2019-09-04 05:00:00,23.84,1003.1,11.73,342.12
2019-09-04 06:00:00,23.91,1003.4,11.5,339.86
2019-09-04 07:00:00,26.44,1003.9,14.15,345.26
2019-09-04 08:00:00,28.39,1004.2,20.67,353.0
2019-09-04 09:00:00,29.88,1004.4,24.93,4.97
2019-09-04 10:00:00,31.23,1004.1,27.25,15.32
2019-09-04 11:00:00,32.62,1003.8,26.64,18.92
2019-09-04 12:00:00,33.53,1002.7,25.01,22.87
2019-09-04 13:00:00,33.76,1001.7,22.88,24.15
2019-09-04 14:00:00,34.05,1001.2,21.6,23.57
2019-09-04 15:00:00,34.02,1000.7,19.67,23.75
2019-09-04 16:00:00,33.68,1000.8,16.92,23.84
2019-09-04 17:00:00,32.92,1001.1,14.18,23.96
2019-09-04 18:00:00,30.89,1001.8,8.21,15.26
2019-09-04 19:00:00,27.64,1002.5,7.75,338.2
2019-09-04 20:00:00,27.04,1003.0,6.61,330.64
2019-09-04 21:00:00,26.52,1003.4,6.41,321.84
2019-09-04 22:00:00,26.24,1003.3,7.15,319.09
2019-09-04 23:00:00,26.33,1003.5,7.15,319.09
2019-09-05 00:00:00,26.11,1003.3,7.15,319.09
2019-09-05 01:00:00,25.09,1002.3,7.2,323.13
2019-09-05 02:00:00,24.65,1001.9,7.2,323.13
2019-09-05 03:00:00,24.24,1001.6,7.49,324.78
2019-09-05 04:00:00,23.95,1001.9,7.59,328.57
2019-09-05 05:00:00,23.71,1002.5,7.41,330.95
2019-09-05 06:00:00,23.91,1003.1,8.05,333.43
2019-09-05 07:00:00,26.92,1003.4,8.09,339.15
2019-09-05 08:00:00,29.19,1003.8,10.16,337.07
2019-09-05 09:00:00,31.08,1003.8,11.87,345.96
2019-09-05 10:00:00,32.06,1003.8,13.68,1.51
2019-09-05 11:00:00,33.17,1003.7,14.15,7.31
2019-09-05 12:00:00,31.84,1002.7,12.32,6.71
2019-09-05 13:00:00,31.87,1002.5,11.17,1.85
2019-09-05 14:00:00,31.39,1001.4,10.44,360.0
2019-09-05 15:00:00,31.34,1001.0,8.29,357.51
2019-09-05 16:00:00,30.69,1001.0,4.68,360.0
2019-09-05 17:00:00,31.19,1001.4,2.16,360.0
2019-09-05 18:00:00,30.31,1001.3,0.72,180.0
2019-09-05 19:00:00,29.81,1002.1,2.62,195.95
2019-09-05 20:00:00,28.79,1002.7,4.07,135.0
2019-09-05 21:00:00,27.98,1003.3,3.32,139.4
2019-09-05 22:00:00,27.18,1003.7,2.9,172.87
2019-09-05 23:00:00,26.46,1003.9,3.08,200.56
2019-09-06 00:00:00,26.09,1003.5,2.81,230.19
2019-09-06 01:00:00,25.92,1003.3,2.9,262.87
2019-09-06 02:00:00,25.68,1002.8,2.74,293.2
2019-09-06 03:00:00,25.41,1002.4,3.32,319.4
2019-09-06 04:00:00,25.15,1002.5,3.42,341.57
2019-09-06 05:00:00,24.9,1002.7,3.67,348.69
2019-09-06 06:00:00,24.65,1002.6,4.1,344.74
2019-09-06 07:00:00,26.93,1003.0,3.4,327.99
2019-09-06 08:00:00,29.34,1003.7,5.99,327.26
2019-09-06 09:00:00,31.12,1003.7,6.88,317.12
2019-09-06 10:00:00,32.64,1003.4,6.88,317.12
2019-09-06 11:00:00,33.62,1002.9,4.39,325.01
2019-09-06 12:00:00,34.28,1002.4,0.51,315.0
2019-09-06 13:00:00,34.64,1001.6,0.51,225.0
2019-09-06 14:00:00,34.72,1000.7,1.84,191.31
2019-09-06 15:00:00,34.57,1000.4,4.69,175.6
2019-09-06 16:00:00,34.12,1001.0,7.7,169.22
2019-09-06 17:00:00,33.38,1001.5,9.26,166.5
2019-09-06 18:00:00,31.09,1002.0,8.12,167.2
2019-09-06 19:00:00,29.77,1002.8,8.05,169.7
2019-09-06 20:00:00,28.65,1003.3,7.29,159.78
2019-09-06 21:00:00,27.84,1004.2,5.82,158.2
2019-09-06 22:00:00,27.12,1004.5,5.32,151.7
2019-09-06 23:00:00,26.57,1004.3,4.83,153.43
2019-09-07 00:00:00,26.24,1003.5,3.6,143.13
2019-09-07 01:00:00,25.9,1003.0,3.32,139.4
2019-09-07 02:00:00,25.63,1002.9,2.9,119.74
2019-09-07 03:00:00,25.36,1002.6,3.62,95.71
2019-09-07 04:00:00,25.1,1002.7,4.32,90.0
2019-09-07 05:00:00,25.08,1003.3,4.32,90.0
2019-09-07 06:00:00,25.37,1003.9,3.62,95.71
2019-09-07 07:00:00,27.25,1004.0,2.41,116.57
2019-09-07 08:00:00,28.43,1004.5,3.55,156.04
2019-09-07 09:00:00,31.04,1004.3,4.02,169.7
2019-09-07 10:00:00,32.59,1003.7,6.15,159.44
2019-09-07 11:00:00,33.8,1003.1,6.83,161.57
2019-09-07 12:00:00,34.66,1002.8,5.24,164.05
2019-09-07 13:00:00,35.05,1001.6,5.94,165.96
2019-09-07 14:00:00,35.12,1001.3,5.8,172.87
2019-09-07 15:00:00,34.03,1001.3,7.34,168.69
2019-09-07 16:00:00,32.94,1001.5,8.12,167.2
2019-09-07 17:00:00,33.61,1001.8,11.28,163.3
2019-09-07 18:00:00,31.44,1002.3,9.03,156.5
2019-09-07 19:00:00,30.15,1003.1,8.4,149.04
2019-09-07 20:00:00,28.67,1003.7,6.3,149.04
2019-09-07 21:00:00,27.61,1004.7,5.9,142.43
2019-09-07 22:00:00,26.75,1005.0,5.6,135.0
2019-09-07 23:00:00,26.03,1005.6,5.19,123.69
2019-09-08 00:00:00,25.62,1004.8,4.83,116.57
2019-09-08 01:00:00,25.4,1004.4,4.74,98.75
2019-09-08 02:00:00,25.3,1004.2,3.98,84.81
2019-09-08 03:00:00,25.09,1003.1,4.02,79.7
2019-09-08 04:00:00,24.97,1003.4,3.62,84.29
2019-09-08 05:00:00,24.91,1003.3,4.68,90.0
2019-09-08 06:00:00,25.25,1003.6,4.68,90.0
2019-09-08 07:00:00,26.99,1004.2,4.8,102.99
2019-09-08 08:00:00,28.89,1004.1,8.5,126.38
2019-09-08 09:00:00,29.75,1004.4,8.67,138.37
2019-09-08 10:00:00,29.65,1003.9,12.5,138.5
2019-09-08 11:00:00,29.78,1003.8,11.04,160.97
2019-09-08 12:00:00,29.99,1002.6,8.65,163.07
2019-09-08 13:00:00,30.76,1001.8,8.79,145.01
2019-09-08 14:00:00,30.35,1001.7,9.73,141.01
2019-09-08 15:00:00,30.19,1001.5,11.46,136.27
2019-09-08 16:00:00,30.56,1001.3,10.09,145.18
2019-09-08 17:00:00,30.27,1001.2,8.89,148.24
2019-09-08 18:00:00,29.02,1002.0,7.2,143.13
2019-09-08 19:00:00,28.22,1002.7,6.37,137.29
2019-09-08 20:00:00,27.79,1003.1,7.65,131.19
2019-09-08 21:00:00,27.39,1003.5,6.3,120.96
2019-09-08 22:00:00,27.02,1003.6,5.32,118.3
2019-09-08 23:00:00,26.78,1004.0,4.9,107.1
2019-09-09 00:00:00,26.98,1003.3,5.15,102.09
2019-09-09 01:00:00,26.51,1002.6,4.8,102.99
2019-09-09 02:00:00,26.68,1001.7,3.98,84.81
2019-09-09 03:00:00,26.75,1001.4,5.41,86.19
2019-09-09 04:00:00,26.77,1001.2,6.48,90.0
2019-09-09 05:00:00,26.79,1001.1,6.21,100.01
2019-09-09 06:00:00,26.86,1002.3,6.29,103.24
2019-09-09 07:00:00,27.23,1002.8,6.76,115.2
2019-09-09 08:00:00,28.32,1003.1,9.69,111.8
2019-09-09 09:00:00,29.59,1002.8,12.07,116.57
2019-09-09 10:00:00,29.81,1002.7,9.42,133.45
2019-09-09 11:00:00,30.09,1002.7,12.1,157.25
2019-09-09 12:00:00,29.82,1002.4,13.32,161.08
2019-09-09 13:00:00,29.54,1001.9,12.64,160.02
2019-09-09 14:00:00,29.72,1001.4,10.09,145.18
2019-09-09 15:00:00,29.83,1001.7,7.65,138.81
2019-09-09 16:00:00,29.19,1001.9,5.62,129.81
2019-09-09 17:00:00,28.76,1002.0,6.62,112.38
2019-09-09 18:00:00,27.77,1002.7,6.15,110.56
2019-09-09 19:00:00,27.53,1003.8,5.5,121.61
2019-09-09 20:00:00,27.55,1004.4,7.42,104.04
2019-09-09 21:00:00,27.38,1004.9,5.45,97.59
2019-09-09 22:00:00,27.35,1004.6,4.8,102.99
2019-09-09 23:00:00,27.37,1004.2,4.38,99.46
2019-09-10 00:00:00,27.17,1003.6,6.85,93.01
2019-09-10 01:00:00,27.22,1003.3,9.18,101.31
2019-09-10 02:00:00,27.01,1003.6,9.79,107.1
2019-09-10 03:00:00,27.1,1003.5,9.9,109.09
2019-09-10 04:00:00,26.98,1003.3,8.31,107.65
2019-09-10 05:00:00,26.87,1003.4,7.64,98.13
2019-09-10 06:00:00,26.81,1003.8,7.24,95.71
2019-09-10 07:00:00,27.07,1004.9,8.05,116.57
2019-09-10 08:00:00,27.16,1005.8,8.35,82.57
2019-09-10 09:00:00,27.31,1006.0,8.64,90.0
2019-09-10 10:00:00,28.66,1004.9,10.82,86.19
2019-09-10 11:00:00,28.35,1005.8,9.98,115.64
2019-09-10 12:00:00,28.21,1005.6,9.69,131.99
2019-09-10 13:00:00,28.02,1005.0,8.91,133.36
2019-09-10 14:00:00,27.8,1004.5,8.94,130.1
2019-09-10 15:00:00,27.55,1004.4,9.69,111.8
2019-09-10 16:00:00,27.58,1004.9,7.97,108.43
2019-09-10 17:00:00,27.4,1005.9,5.82,111.8
2019-09-10 18:00:00,26.74,1006.5,5.45,97.59
2019-09-10 19:00:00,26.62,1007.9,5.05,94.09
2019-09-10 20:00:00,26.57,1008.4,5.41,93.81
2019-09-10 21:00:00,26.37,1009.0,3.24,90.0
2019-09-10 22:00:00,26.09,1009.6,2.31,51.34
2019-09-10 23:00:00,25.95,1009.9,2.55,45.0
